Copyright 1986-2022 Xilinx, Inc. All Rights Reserved. Copyright 2022-2025 Advanced Micro Devices, Inc. All Rights Reserved.
---------------------------------------------------------------------------------------------------------------------------------------------
| Tool Version : Vivado v.2025.2 (lin64) Build 6299465 Fri Nov 14 12:34:56 MST 2025
| Date         : Sun Jul 26 13:51:34 2026
| Host         : memnotop running 64-bit Ubuntu 26.04 LTS
| Command      : report_timing_summary -delay_type min_max -report_unconstrained -file project/timing_summary.rpt
| Design       : soc_top
| Device       : 7a200t-fbg676
| Speed File   : -1  PRODUCTION 1.23 2018-06-13
| Design State : Routed
---------------------------------------------------------------------------------------------------------------------------------------------

Timing Summary Report

------------------------------------------------------------------------------------------------
| Timer Settings
| --------------
------------------------------------------------------------------------------------------------

  Enable Multi Corner Analysis               :  Yes
  Enable Pessimism Removal                   :  Yes
  Pessimism Removal Resolution               :  Nearest Common Node
  Enable Input Delay Default Clock           :  No
  Enable Preset / Clear Arcs                 :  No
  Disable Flight Delays                      :  No
  Ignore I/O Paths                           :  No
  Timing Early Launch at Borrowing Latches   :  No
  Borrow Time for Max Delay Exceptions       :  Yes
  Merge Timing Exceptions                    :  Yes
  Inter-SLR Compensation                     :  Conservative

  Corner  Analyze    Analyze    
  Name    Max Paths  Min Paths  
  ------  ---------  ---------  
  Slow    Yes        Yes        
  Fast    Yes        Yes        


------------------------------------------------------------------------------------------------
| Report Methodology
| ------------------
------------------------------------------------------------------------------------------------

Rule       Severity  Description                                                                                            Violations  
---------  --------  -----------------------------------------------------------------------------------------------------  ----------  
SYNTH-5    Warning   Mapped onto distributed RAM because of timing constraints                                              40          
SYNTH-6    Warning   Timing of a RAM block might be sub-optimal                                                             24          
TIMING-9   Warning   Unknown CDC Logic                                                                                      1           
TIMING-10  Warning   Missing property on synchronizer                                                                       1           
TIMING-18  Warning   Missing input or output delay                                                                          83          
TIMING-47  Warning   False path, asynchronous clock group or max delay datapath only constraint between synchronous clocks  2           
XDCC-1     Warning   Scoped Clock constraint overwritten with the same name                                                 1           
XDCC-7     Warning   Scoped Clock constraint overwritten on the same source                                                 1           
RTGT-1     Advisory  RAM retargeting possibility                                                                            3           

Note: This report is based on the most recent report_methodology run and may not be up-to-date. Run report_methodology on the current design for the latest report.



check_timing report

Table of Contents
-----------------
1. checking no_clock (0)
2. checking constant_clock (0)
3. checking pulse_width_clock (0)
4. checking unconstrained_internal_endpoints (0)
5. checking no_input_delay (38)
6. checking no_output_delay (45)
7. checking multiple_clock (0)
8. checking generated_clocks (0)
9. checking loops (0)
10. checking partial_input_delay (0)
11. checking partial_output_delay (0)
12. checking latch_loops (0)

1. checking no_clock (0)
------------------------
 There are 0 register/latch pins with no clock.


2. checking constant_clock (0)
------------------------------
 There are 0 register/latch pins with constant_clock.


3. checking pulse_width_clock (0)
---------------------------------
 There are 0 register/latch pins which need pulse_width check


4. checking unconstrained_internal_endpoints (0)
------------------------------------------------
 There are 0 pins that are not constrained for maximum delay.

 There are 0 pins that are not constrained for maximum delay due to constant clock.


5. checking no_input_delay (38)
-------------------------------
 There are 38 input ports with no input delay specified. (HIGH)

 There are 0 input ports with no input delay but user has a false path constraint.


6. checking no_output_delay (45)
--------------------------------
 There are 45 ports with no output delay specified. (HIGH)

 There are 0 ports with no output delay but user has a false path constraint

 There are 0 ports with no output delay but with a timing clock defined on it or propagating through it


7. checking multiple_clock (0)
------------------------------
 There are 0 register/latch pins with multiple clocks.


8. checking generated_clocks (0)
--------------------------------
 There are 0 generated clocks that are not connected to a clock source.


9. checking loops (0)
---------------------
 There are 0 combinational loops in the design.


10. checking partial_input_delay (0)
------------------------------------
 There are 0 input ports with partial input delay specified.


11. checking partial_output_delay (0)
-------------------------------------
 There are 0 ports with partial output delay specified.


12. checking latch_loops (0)
----------------------------
 There are 0 combinational latch loops in the design through latch input



------------------------------------------------------------------------------------------------
| Design Timing Summary
| ---------------------
------------------------------------------------------------------------------------------------

    WNS(ns)      TNS(ns)  TNS Failing Endpoints  TNS Total Endpoints      WHS(ns)      THS(ns)  THS Failing Endpoints  THS Total Endpoints     WPWS(ns)     TPWS(ns)  TPWS Failing Endpoints  TPWS Total Endpoints  
    -------      -------  ---------------------  -------------------      -------      -------  ---------------------  -------------------     --------     --------  ----------------------  --------------------  
      0.274        0.000                      0                67035        0.037        0.000                      0                67035        7.000        0.000                       0                 21776  


All user specified timing constraints are met.


------------------------------------------------------------------------------------------------
| Clock Summary
| -------------
------------------------------------------------------------------------------------------------

Clock               Waveform(ns)       Period(ns)      Frequency(MHz)
-----               ------------       ----------      --------------
clk                 {0.000 10.000}     20.000          50.000          
  clkfbout_clk_pll  {0.000 10.000}     20.000          50.000          
  cpu_clk           {0.000 15.161}     30.323          32.979          
  sys_clk           {0.000 10.000}     20.000          50.000          


------------------------------------------------------------------------------------------------
| Intra Clock Table
| -----------------
------------------------------------------------------------------------------------------------

Clock                   WNS(ns)      TNS(ns)  TNS Failing Endpoints  TNS Total Endpoints      WHS(ns)      THS(ns)  THS Failing Endpoints  THS Total Endpoints     WPWS(ns)     TPWS(ns)  TPWS Failing Endpoints  TPWS Total Endpoints  
-----                   -------      -------  ---------------------  -------------------      -------      -------  ---------------------  -------------------     --------     --------  ----------------------  --------------------  
clk                                                                                                                                                                   7.000        0.000                       0                     1  
  clkfbout_clk_pll                                                                                                                                                   17.845        0.000                       0                     3  
  cpu_clk                 0.817        0.000                      0                17340        0.037        0.000                      0                17340       13.911        0.000                       0                  6597  
  sys_clk                 0.274        0.000                      0                49264        0.041        0.000                      0                49264        8.750        0.000                       0                 15175  


------------------------------------------------------------------------------------------------
| Inter Clock Table
| -----------------
------------------------------------------------------------------------------------------------

From Clock    To Clock          WNS(ns)      TNS(ns)  TNS Failing Endpoints  TNS Total Endpoints      WHS(ns)      THS(ns)  THS Failing Endpoints  THS Total Endpoints  
----------    --------          -------      -------  ---------------------  -------------------      -------      -------  ---------------------  -------------------  


------------------------------------------------------------------------------------------------
| Other Path Groups Table
| -----------------------
------------------------------------------------------------------------------------------------

Path Group         From Clock         To Clock               WNS(ns)      TNS(ns)  TNS Failing Endpoints  TNS Total Endpoints      WHS(ns)      THS(ns)  THS Failing Endpoints  THS Total Endpoints  
----------         ----------         --------               -------      -------  ---------------------  -------------------      -------      -------  ---------------------  -------------------  
**async_default**  cpu_clk            cpu_clk                 22.590        0.000                      0                   67        0.763        0.000                      0                   67  
**async_default**  sys_clk            sys_clk                  1.962        0.000                      0                  364        0.626        0.000                      0                  364  


------------------------------------------------------------------------------------------------
| User Ignored Path Table
| -----------------------
------------------------------------------------------------------------------------------------

Path Group    From Clock    To Clock    
----------    ----------    --------    
(none)        sys_clk       cpu_clk       
(none)        cpu_clk       sys_clk       


------------------------------------------------------------------------------------------------
| Unconstrained Path Table
| ------------------------
------------------------------------------------------------------------------------------------

Path Group    From Clock    To Clock    
----------    ----------    --------    
(none)        sys_clk                     
(none)                      cpu_clk       
(none)                      sys_clk       


------------------------------------------------------------------------------------------------
| Timing Details
| --------------
------------------------------------------------------------------------------------------------


---------------------------------------------------------------------------------------------------
From Clock:  clk
  To Clock:  clk

Setup :           NA  Failing Endpoints,  Worst Slack           NA  ,  Total Violation           NA
Hold  :           NA  Failing Endpoints,  Worst Slack           NA  ,  Total Violation           NA
PW    :            0  Failing Endpoints,  Worst Slack        7.000ns,  Total Violation        0.000ns
---------------------------------------------------------------------------------------------------


Pulse Width Checks
--------------------------------------------------------------------------------------
Clock Name:         clk
Waveform(ns):       { 0.000 10.000 }
Period(ns):         20.000
Sources:            { clk }

Check Type        Corner  Lib Pin           Reference Pin  Required(ns)  Actual(ns)  Slack(ns)  Location        Pin
Min Period        n/a     PLLE2_ADV/CLKIN1  n/a            1.249         20.000      18.751     PLLE2_ADV_X0Y3  pll_clk.u_clk_pll/inst/plle2_adv_inst/CLKIN1
Max Period        n/a     PLLE2_ADV/CLKIN1  n/a            52.633        20.000      32.633     PLLE2_ADV_X0Y3  pll_clk.u_clk_pll/inst/plle2_adv_inst/CLKIN1
Low Pulse Width   Slow    PLLE2_ADV/CLKIN1  n/a            3.000         10.000      7.000      PLLE2_ADV_X0Y3  pll_clk.u_clk_pll/inst/plle2_adv_inst/CLKIN1
High Pulse Width  Slow    PLLE2_ADV/CLKIN1  n/a            3.000         10.000      7.000      PLLE2_ADV_X0Y3  pll_clk.u_clk_pll/inst/plle2_adv_inst/CLKIN1



---------------------------------------------------------------------------------------------------
From Clock:  clkfbout_clk_pll
  To Clock:  clkfbout_clk_pll

Setup :           NA  Failing Endpoints,  Worst Slack           NA  ,  Total Violation           NA
Hold  :           NA  Failing Endpoints,  Worst Slack           NA  ,  Total Violation           NA
PW    :            0  Failing Endpoints,  Worst Slack       17.845ns,  Total Violation        0.000ns
---------------------------------------------------------------------------------------------------


Pulse Width Checks
--------------------------------------------------------------------------------------
Clock Name:         clkfbout_clk_pll
Waveform(ns):       { 0.000 10.000 }
Period(ns):         20.000
Sources:            { pll_clk.u_clk_pll/inst/plle2_adv_inst/CLKFBOUT }

Check Type  Corner  Lib Pin            Reference Pin  Required(ns)  Actual(ns)  Slack(ns)  Location        Pin
Min Period  n/a     BUFG/I             n/a            2.155         20.000      17.845     BUFGCTRL_X0Y18  pll_clk.u_clk_pll/inst/clkf_buf/I
Max Period  n/a     PLLE2_ADV/CLKFBIN  n/a            52.633        20.000      32.633     PLLE2_ADV_X0Y3  pll_clk.u_clk_pll/inst/plle2_adv_inst/CLKFBIN



---------------------------------------------------------------------------------------------------
From Clock:  cpu_clk
  To Clock:  cpu_clk

Setup :            0  Failing Endpoints,  Worst Slack        0.817ns,  Total Violation        0.000ns
Hold  :            0  Failing Endpoints,  Worst Slack        0.037ns,  Total Violation        0.000ns
PW    :            0  Failing Endpoints,  Worst Slack       13.911ns,  Total Violation        0.000ns
---------------------------------------------------------------------------------------------------


Max Delay Paths
--------------------------------------------------------------------------------------
Slack (MET) :             0.817ns  (required time - arrival time)
  Source:                 u_cpu/addr_trans/tlb_entry/s1_asid_r_reg[4]/C
                            (rising edge-triggered cell FDRE clocked by cpu_clk  {rise@0.000ns fall@15.161ns period=30.323ns})
  Destination:            u_cpu/btb/btb_counter_reg[31][0]/D
                            (rising edge-triggered cell FDRE clocked by cpu_clk  {rise@0.000ns fall@15.161ns period=30.323ns})
  Path Group:             cpu_clk
  Path Type:              Setup (Max at Slow Process Corner)
  Requirement:            30.323ns  (cpu_clk rise@30.323ns - cpu_clk rise@0.000ns)
  Data Path Delay:        29.478ns  (logic 7.201ns (24.428%)  route 22.277ns (75.572%))
  Logic Levels:           34  (CARRY4=3 LUT2=1 LUT3=3 LUT4=3 LUT5=6 LUT6=16 MUXF7=1 MUXF8=1)
  Clock Path Skew:        -0.034ns (DCD - SCD + CPR)
    Destination Clock Delay (DCD):    -2.266ns = ( 28.057 - 30.323 ) 
    Source Clock Delay      (SCD):    -2.667ns
    Clock Pessimism Removal (CPR):    -0.435ns
  Clock Uncertainty:      0.074ns  ((TSJ^2 + DJ^2)^1/2) / 2 + PE
    Total System Jitter     (TSJ):    0.071ns
    Discrete Jitter          (DJ):    0.130ns
    Phase Error              (PE):    0.000ns

    Location             Delay type                Incr(ns)  Path(ns)    Netlist Resource(s)
  -------------------------------------------------------------------    -------------------
                         (clock cpu_clk rise edge)    0.000     0.000 r  
    K21                                               0.000     0.000 r  clk (IN)
                         net (fo=0)                   0.000     0.000    pll_clk.u_clk_pll/inst/clk_in1
    K21                  IBUF (Prop_ibuf_I_O)         1.463     1.463 r  pll_clk.u_clk_pll/inst/clkin1_ibufg/O
                         net (fo=1, routed)           1.253     2.716    pll_clk.u_clk_pll/inst/clk_in1_clk_pll
    PLLE2_ADV_X0Y3       PLLE2_ADV (Prop_plle2_adv_CLKIN1_CLKOUT0)
                                                     -8.991    -6.275 r  pll_clk.u_clk_pll/inst/plle2_adv_inst/CLKOUT0
                         net (fo=1, routed)           1.837    -4.438    pll_clk.u_clk_pll/inst/cpu_clk_clk_pll
    BUFGCTRL_X0Y17       BUFG (Prop_bufg_I_O)         0.096    -4.342 r  pll_clk.u_clk_pll/inst/clkout1_buf/O
                         net (fo=6595, routed)        1.675    -2.667    u_cpu/addr_trans/tlb_entry/cpu_clk
    SLICE_X124Y127       FDRE                                         r  u_cpu/addr_trans/tlb_entry/s1_asid_r_reg[4]/C
  -------------------------------------------------------------------    -------------------
    SLICE_X124Y127       FDRE (Prop_fdre_C_Q)         0.518    -2.149 r  u_cpu/addr_trans/tlb_entry/s1_asid_r_reg[4]/Q
                         net (fo=32, routed)          1.251    -0.898    u_cpu/addr_trans/tlb_entry/s1_asid_r[4]
    SLICE_X120Y125       LUT6 (Prop_lut6_I5_O)        0.124    -0.774 r  u_cpu/addr_trans/tlb_entry/tlb_ppn0_reg_r2_0_31_0_5_i_445/O
                         net (fo=1, routed)           0.000    -0.774    u_cpu/addr_trans/tlb_entry/tlb_ppn0_reg_r2_0_31_0_5_i_445_n_0
    SLICE_X120Y125       CARRY4 (Prop_carry4_S[1]_CO[3])
                                                      0.533    -0.241 r  u_cpu/addr_trans/tlb_entry/tlb_ppn0_reg_r2_0_31_0_5_i_169/CO[3]
                         net (fo=1, routed)           1.627     1.386    u_cpu/addr_trans/tlb_entry/match12150_out
    SLICE_X124Y117       LUT6 (Prop_lut6_I4_O)        0.124     1.510 r  u_cpu/addr_trans/tlb_entry/tlb_ppn0_reg_r2_0_31_0_5_i_51/O
                         net (fo=2, routed)           0.888     2.398    u_cpu/addr_trans/tlb_entry/match1[28]
    SLICE_X132Y116       LUT4 (Prop_lut4_I2_O)        0.150     2.548 r  u_cpu/addr_trans/tlb_entry/tlb_ppn0_reg_r2_0_31_0_5_i_12/O
                         net (fo=2, routed)           0.797     3.345    u_cpu/addr_trans/tlb_entry/tlb_ppn0_reg_r2_0_31_0_5_i_12_n_0
    SLICE_X133Y118       LUT5 (Prop_lut5_I0_O)        0.348     3.693 r  u_cpu/addr_trans/tlb_entry/tlb_ppn0_reg_r2_0_31_0_5_i_6/O
                         net (fo=2, routed)           1.076     4.769    u_cpu/addr_trans/tlb_entry/tlb_ppn0_reg_r2_0_31_0_5_i_6_n_0
    SLICE_X142Y117       LUT6 (Prop_lut6_I0_O)        0.124     4.893 r  u_cpu/addr_trans/tlb_entry/tlb_ppn0_reg_r2_0_31_0_5_i_3/O
                         net (fo=83, routed)          1.060     5.953    u_cpu/addr_trans/tlb_entry/ADDRC[2]
    SLICE_X145Y113       MUXF7 (Prop_muxf7_S_O)       0.296     6.249 f  u_cpu/addr_trans/tlb_entry/request_buffer_tag_reg[9]_i_69__0/O
                         net (fo=1, routed)           0.000     6.249    u_cpu/addr_trans/tlb_entry/request_buffer_tag_reg[9]_i_69__0_n_0
    SLICE_X145Y113       MUXF8 (Prop_muxf8_I0_O)      0.104     6.353 f  u_cpu/addr_trans/tlb_entry/request_buffer_tag_reg[9]_i_47__0/O
                         net (fo=1, routed)           0.596     6.949    u_cpu/addr_trans/tlb_entry/request_buffer_tag_reg[9]_i_47__0_n_0
    SLICE_X142Y112       LUT5 (Prop_lut5_I2_O)        0.316     7.265 f  u_cpu/addr_trans/tlb_entry/request_buffer_tag[9]_i_20/O
                         net (fo=1, routed)           0.536     7.801    u_cpu/addr_trans/tlb_entry/request_buffer_tag[9]_i_20_n_0
    SLICE_X139Y112       LUT6 (Prop_lut6_I5_O)        0.124     7.925 f  u_cpu/addr_trans/tlb_entry/request_buffer_tag[9]_i_7/O
                         net (fo=1, routed)           0.409     8.333    u_cpu/addr_trans/tlb_entry/request_buffer_tag[9]_i_7_n_0
    SLICE_X139Y110       LUT6 (Prop_lut6_I5_O)        0.124     8.457 r  u_cpu/addr_trans/tlb_entry/request_buffer_tag[9]_i_2__0/O
                         net (fo=10, routed)          1.000     9.457    u_cpu/addr_trans/tlb_entry/request_buffer_tag[9]_i_2__0_n_0
    SLICE_X139Y106       LUT6 (Prop_lut6_I3_O)        0.124     9.581 r  u_cpu/addr_trans/tlb_entry/request_buffer_tag[4]_i_1__0/O
                         net (fo=6, routed)           0.788    10.369    u_cpu/u_csr/ms_to_ws_bus[12]
    SLICE_X135Y104       LUT6 (Prop_lut6_I1_O)        0.124    10.493 r  u_cpu/u_csr/write_buffer_way[1]_i_16/O
                         net (fo=1, routed)           0.000    10.493    u_cpu/u_csr/write_buffer_way[1]_i_16_n_0
    SLICE_X135Y104       CARRY4 (Prop_carry4_S[0]_CO[3])
                                                      0.532    11.025 r  u_cpu/u_csr/write_buffer_way_reg[1]_i_9/CO[3]
                         net (fo=1, routed)           0.000    11.025    u_cpu/u_csr/write_buffer_way_reg[1]_i_9_n_0
    SLICE_X135Y105       CARRY4 (Prop_carry4_CI_CO[1])
                                                      0.157    11.182 r  u_cpu/u_csr/write_buffer_way_reg[1]_i_8/CO[1]
                         net (fo=1, routed)           0.703    11.885    u_cpu/mem_stage/CO[0]
    SLICE_X134Y101       LUT5 (Prop_lut5_I3_O)        0.323    12.208 f  u_cpu/mem_stage/write_buffer_way[1]_i_5/O
                         net (fo=6, routed)           0.830    13.038    u_cpu/mem_stage/sc_cancel_req
    SLICE_X134Y99        LUT3 (Prop_lut3_I1_O)        0.326    13.364 f  u_cpu/mem_stage/main_state[0]_i_3/O
                         net (fo=3, routed)           0.313    13.677    u_cpu/dcache/main_state_reg[0]_2
    SLICE_X134Y98        LUT6 (Prop_lut6_I3_O)        0.124    13.801 f  u_cpu/dcache/ds_to_es_bus_r[353]_i_10/O
                         net (fo=2, routed)           0.587    14.388    u_cpu/mem_stage/data_data_ok
    SLICE_X132Y100       LUT6 (Prop_lut6_I2_O)        0.124    14.512 f  u_cpu/mem_stage/ds_to_es_bus_r[353]_i_3/O
                         net (fo=11, routed)          0.323    14.835    u_cpu/mem_stage/ms_allowin
    SLICE_X135Y100       LUT6 (Prop_lut6_I3_O)        0.124    14.959 f  u_cpu/mem_stage/request_buffer_icacop_i_3/O
                         net (fo=5, routed)           0.458    15.417    u_cpu/exe_stage/p_14_in
    SLICE_X132Y99        LUT5 (Prop_lut5_I4_O)        0.124    15.541 f  u_cpu/exe_stage/request_buffer_dcacop_i_1/O
                         net (fo=6, routed)           0.620    16.162    u_cpu/exe_stage/dcacop_op_en
    SLICE_X138Y97        LUT6 (Prop_lut6_I5_O)        0.124    16.286 r  u_cpu/exe_stage/request_buffer_cacop_op_mode[1]_i_2/O
                         net (fo=4, routed)           0.616    16.902    u_cpu/exe_stage/main_idle2lookup
    SLICE_X136Y97        LUT5 (Prop_lut5_I1_O)        0.124    17.026 r  u_cpu/exe_stage/mem_reg_reg_i_35__0/O
                         net (fo=2, routed)           0.464    17.490    u_cpu/dcache/tagv_ram_way[1].u/p_24_in
    SLICE_X136Y97        LUT5 (Prop_lut5_I4_O)        0.124    17.614 r  u_cpu/dcache/tagv_ram_way[1].u/mem_reg_reg_i_32__1/O
                         net (fo=12, routed)          0.726    18.340    u_cpu/wb_stage/data_addr_ok
    SLICE_X128Y99        LUT6 (Prop_lut6_I0_O)        0.124    18.464 f  u_cpu/wb_stage/ds_to_es_bus_r[353]_i_7/O
                         net (fo=1, routed)           0.568    19.032    u_cpu/exe_stage/ds_to_es_bus_r_reg[353]_3
    SLICE_X127Y99        LUT6 (Prop_lut6_I2_O)        0.124    19.156 r  u_cpu/exe_stage/ds_to_es_bus_r[353]_i_2/O
                         net (fo=7, routed)           0.621    19.778    u_cpu/exe_stage/es_ready_go
    SLICE_X117Y100       LUT4 (Prop_lut4_I1_O)        0.124    19.902 r  u_cpu/exe_stage/btb_add_entry_r_i_5/O
                         net (fo=2, routed)           0.558    20.460    u_cpu/id_stage/branch_slot_cancel_reg_0
    SLICE_X116Y103       LUT3 (Prop_lut3_I2_O)        0.116    20.576 r  u_cpu/id_stage/btb_add_entry_r_i_3/O
                         net (fo=17, routed)          1.214    21.790    u_cpu/id_stage/btb_operate_en
    SLICE_X114Y120       LUT2 (Prop_lut2_I1_O)        0.328    22.118 f  u_cpu/id_stage/btb_target_reg_0_31_0_1_i_14/O
                         net (fo=31, routed)          0.740    22.858    u_cpu/id_stage/btb_target_reg_0_31_0_1_i_14_n_0
    SLICE_X111Y118       LUT6 (Prop_lut6_I0_O)        0.124    22.982 r  u_cpu/id_stage/btb_counter[29][1]_i_7/O
                         net (fo=1, routed)           0.536    23.518    u_cpu/id_stage/btb_counter[29][1]_i_7_n_0
    SLICE_X109Y120       LUT4 (Prop_lut4_I1_O)        0.118    23.636 r  u_cpu/id_stage/btb_counter[29][1]_i_5/O
                         net (fo=49, routed)          1.054    24.691    u_cpu/id_stage/btb_counter[29][1]_i_5_n_0
    SLICE_X107Y136       LUT6 (Prop_lut6_I5_O)        0.326    25.017 r  u_cpu/id_stage/btb_counter[31][1]_i_7/O
                         net (fo=2, routed)           0.676    25.693    u_cpu/btb/btb_counter_reg[31][1]_0
    SLICE_X107Y136       LUT3 (Prop_lut3_I1_O)        0.152    25.845 r  u_cpu/btb/btb_counter[31][0]_i_2/O
                         net (fo=1, routed)           0.641    26.486    u_cpu/btb/btb_counter[31][0]_i_2_n_0
    SLICE_X108Y136       LUT6 (Prop_lut6_I0_O)        0.326    26.812 r  u_cpu/btb/btb_counter[31][0]_i_1/O
                         net (fo=1, routed)           0.000    26.812    u_cpu/btb/btb_counter[31][0]_i_1_n_0
    SLICE_X108Y136       FDRE                                         r  u_cpu/btb/btb_counter_reg[31][0]/D
  -------------------------------------------------------------------    -------------------

                         (clock cpu_clk rise edge)   30.323    30.323 r  
    K21                                               0.000    30.323 r  clk (IN)
                         net (fo=0)                   0.000    30.323    pll_clk.u_clk_pll/inst/clk_in1
    K21                  IBUF (Prop_ibuf_I_O)         1.393    31.715 r  pll_clk.u_clk_pll/inst/clkin1_ibufg/O
                         net (fo=1, routed)           1.181    32.896    pll_clk.u_clk_pll/inst/clk_in1_clk_pll
    PLLE2_ADV_X0Y3       PLLE2_ADV (Prop_plle2_adv_CLKIN1_CLKOUT0)
                                                     -8.248    24.648 r  pll_clk.u_clk_pll/inst/plle2_adv_inst/CLKOUT0
                         net (fo=1, routed)           1.755    26.403    pll_clk.u_clk_pll/inst/cpu_clk_clk_pll
    BUFGCTRL_X0Y17       BUFG (Prop_bufg_I_O)         0.091    26.494 r  pll_clk.u_clk_pll/inst/clkout1_buf/O
                         net (fo=6595, routed)        1.562    28.057    u_cpu/btb/cpu_clk
    SLICE_X108Y136       FDRE                                         r  u_cpu/btb/btb_counter_reg[31][0]/C
                         clock pessimism             -0.435    27.622    
                         clock uncertainty           -0.074    27.548    
    SLICE_X108Y136       FDRE (Setup_fdre_C_D)        0.081    27.629    u_cpu/btb/btb_counter_reg[31][0]
  -------------------------------------------------------------------
                         required time                         27.629    
                         arrival time                         -26.812    
  -------------------------------------------------------------------
                         slack                                  0.817    





Min Delay Paths
--------------------------------------------------------------------------------------
Slack (MET) :             0.037ns  (arrival time - required time)
  Source:                 u_cpu/axi_bridge/wdata_reg[24]/C
                            (rising edge-triggered cell FDRE clocked by cpu_clk  {rise@0.000ns fall@15.161ns period=30.323ns})
  Destination:            u_Axi_CDC/wFifo/ram_reg_0_7_24_29/RAMA/I
                            (rising edge-triggered cell RAMD32 clocked by cpu_clk  {rise@0.000ns fall@15.161ns period=30.323ns})
  Path Group:             cpu_clk
  Path Type:              Hold (Min at Fast Process Corner)
  Requirement:            0.000ns  (cpu_clk rise@0.000ns - cpu_clk rise@0.000ns)
  Data Path Delay:        0.197ns  (logic 0.141ns (71.611%)  route 0.056ns (28.389%))
  Logic Levels:           0  
  Clock Path Skew:        0.013ns (DCD - SCD - CPR)
    Destination Clock Delay (DCD):    -0.352ns
    Source Clock Delay      (SCD):    -0.580ns
    Clock Pessimism Removal (CPR):    0.215ns

    Location             Delay type                Incr(ns)  Path(ns)    Netlist Resource(s)
  -------------------------------------------------------------------    -------------------
                         (clock cpu_clk rise edge)    0.000     0.000 r  
    K21                                               0.000     0.000 r  clk (IN)
                         net (fo=0)                   0.000     0.000    pll_clk.u_clk_pll/inst/clk_in1
    K21                  IBUF (Prop_ibuf_I_O)         0.231     0.231 r  pll_clk.u_clk_pll/inst/clkin1_ibufg/O
                         net (fo=1, routed)           0.440     0.671    pll_clk.u_clk_pll/inst/clk_in1_clk_pll
    PLLE2_ADV_X0Y3       PLLE2_ADV (Prop_plle2_adv_CLKIN1_CLKOUT0)
                                                     -2.520    -1.848 r  pll_clk.u_clk_pll/inst/plle2_adv_inst/CLKOUT0
                         net (fo=1, routed)           0.560    -1.289    pll_clk.u_clk_pll/inst/cpu_clk_clk_pll
    BUFGCTRL_X0Y17       BUFG (Prop_bufg_I_O)         0.026    -1.263 r  pll_clk.u_clk_pll/inst/clkout1_buf/O
                         net (fo=6595, routed)        0.682    -0.580    u_cpu/axi_bridge/cpu_clk
    SLICE_X143Y83        FDRE                                         r  u_cpu/axi_bridge/wdata_reg[24]/C
  -------------------------------------------------------------------    -------------------
    SLICE_X143Y83        FDRE (Prop_fdre_C_Q)         0.141    -0.439 r  u_cpu/axi_bridge/wdata_reg[24]/Q
                         net (fo=1, routed)           0.056    -0.383    u_Axi_CDC/wFifo/ram_reg_0_7_24_29/DIA0
    SLICE_X142Y83        RAMD32                                       r  u_Axi_CDC/wFifo/ram_reg_0_7_24_29/RAMA/I
  -------------------------------------------------------------------    -------------------

                         (clock cpu_clk rise edge)    0.000     0.000 r  
    K21                                               0.000     0.000 r  clk (IN)
                         net (fo=0)                   0.000     0.000    pll_clk.u_clk_pll/inst/clk_in1
    K21                  IBUF (Prop_ibuf_I_O)         0.419     0.419 r  pll_clk.u_clk_pll/inst/clkin1_ibufg/O
                         net (fo=1, routed)           0.481     0.900    pll_clk.u_clk_pll/inst/clk_in1_clk_pll
    PLLE2_ADV_X0Y3       PLLE2_ADV (Prop_plle2_adv_CLKIN1_CLKOUT0)
                                                     -2.847    -1.947 r  pll_clk.u_clk_pll/inst/plle2_adv_inst/CLKOUT0
                         net (fo=1, routed)           0.611    -1.337    pll_clk.u_clk_pll/inst/cpu_clk_clk_pll
    BUFGCTRL_X0Y17       BUFG (Prop_bufg_I_O)         0.029    -1.308 r  pll_clk.u_clk_pll/inst/clkout1_buf/O
                         net (fo=6595, routed)        0.956    -0.352    u_Axi_CDC/wFifo/ram_reg_0_7_24_29/WCLK
    SLICE_X142Y83        RAMD32                                       r  u_Axi_CDC/wFifo/ram_reg_0_7_24_29/RAMA/CLK
                         clock pessimism             -0.215    -0.567    
    SLICE_X142Y83        RAMD32 (Hold_ramd32_CLK_I)
                                                      0.147    -0.420    u_Axi_CDC/wFifo/ram_reg_0_7_24_29/RAMA
  -------------------------------------------------------------------
                         required time                          0.420    
                         arrival time                          -0.383    
  -------------------------------------------------------------------
                         slack                                  0.037    





Pulse Width Checks
--------------------------------------------------------------------------------------
Clock Name:         cpu_clk
Waveform(ns):       { 0.000 15.161 }
Period(ns):         30.323
Sources:            { pll_clk.u_clk_pll/inst/plle2_adv_inst/CLKOUT0 }

Check Type        Corner  Lib Pin             Reference Pin  Required(ns)  Actual(ns)  Slack(ns)  Location        Pin
Min Period        n/a     RAMB18E1/CLKARDCLK  n/a            2.944         30.323      27.379     RAMB18_X7Y35    u_cpu/dcache/data_ram_way[0].data_ram_bank[0].u/mem_reg_reg/CLKARDCLK
Max Period        n/a     PLLE2_ADV/CLKOUT0   n/a            160.000       30.323      129.677    PLLE2_ADV_X0Y3  pll_clk.u_clk_pll/inst/plle2_adv_inst/CLKOUT0
Low Pulse Width   Slow    RAMD32/CLK          n/a            1.250         15.161      13.911     SLICE_X128Y93   u_Axi_CDC/arFifo/ram_reg_0_3_0_5/RAMA/CLK
High Pulse Width  Slow    RAMD32/CLK          n/a            1.250         15.161      13.911     SLICE_X128Y93   u_Axi_CDC/arFifo/ram_reg_0_3_0_5/RAMA/CLK



---------------------------------------------------------------------------------------------------
From Clock:  sys_clk
  To Clock:  sys_clk

Setup :            0  Failing Endpoints,  Worst Slack        0.274ns,  Total Violation        0.000ns
Hold  :            0  Failing Endpoints,  Worst Slack        0.041ns,  Total Violation        0.000ns
PW    :            0  Failing Endpoints,  Worst Slack        8.750ns,  Total Violation        0.000ns
---------------------------------------------------------------------------------------------------


Max Delay Paths
--------------------------------------------------------------------------------------
Slack (MET) :             0.274ns  (required time - arrival time)
  Source:                 u_lsme/u_core/op_za_reg[0]_rep__0/C
                            (rising edge-triggered cell FDRE clocked by sys_clk  {rise@0.000ns fall@10.000ns period=20.000ns})
  Destination:            u_lsme/u_axi_master/simple_wdata_reg[4]/D
                            (rising edge-triggered cell FDRE clocked by sys_clk  {rise@0.000ns fall@10.000ns period=20.000ns})
  Path Group:             sys_clk
  Path Type:              Setup (Max at Slow Process Corner)
  Requirement:            20.000ns  (sys_clk rise@20.000ns - sys_clk rise@0.000ns)
  Data Path Delay:        19.469ns  (logic 6.786ns (34.855%)  route 12.683ns (65.145%))
  Logic Levels:           31  (CARRY4=15 LUT2=1 LUT3=1 LUT4=2 LUT5=5 LUT6=7)
  Clock Path Skew:        -0.261ns (DCD - SCD + CPR)
    Destination Clock Delay (DCD):    -2.171ns = ( 17.829 - 20.000 ) 
    Source Clock Delay      (SCD):    -2.417ns
    Clock Pessimism Removal (CPR):    -0.507ns
  Clock Uncertainty:      0.071ns  ((TSJ^2 + DJ^2)^1/2) / 2 + PE
    Total System Jitter     (TSJ):    0.071ns
    Discrete Jitter          (DJ):    0.122ns
    Phase Error              (PE):    0.000ns

    Location             Delay type                Incr(ns)  Path(ns)    Netlist Resource(s)
  -------------------------------------------------------------------    -------------------
                         (clock sys_clk rise edge)    0.000     0.000 r  
    K21                                               0.000     0.000 r  clk (IN)
                         net (fo=0)                   0.000     0.000    pll_clk.u_clk_pll/inst/clk_in1
    K21                  IBUF (Prop_ibuf_I_O)         1.463     1.463 r  pll_clk.u_clk_pll/inst/clkin1_ibufg/O
                         net (fo=1, routed)           1.253     2.716    pll_clk.u_clk_pll/inst/clk_in1_clk_pll
    PLLE2_ADV_X0Y3       PLLE2_ADV (Prop_plle2_adv_CLKIN1_CLKOUT1)
                                                     -8.991    -6.275 r  pll_clk.u_clk_pll/inst/plle2_adv_inst/CLKOUT1
                         net (fo=1, routed)           1.837    -4.438    pll_clk.u_clk_pll/inst/sys_clk_clk_pll
    BUFGCTRL_X0Y16       BUFG (Prop_bufg_I_O)         0.096    -4.342 r  pll_clk.u_clk_pll/inst/clkout2_buf/O
                         net (fo=15174, routed)       1.925    -2.417    u_lsme/u_core/sys_clk
    SLICE_X28Y78         FDRE                                         r  u_lsme/u_core/op_za_reg[0]_rep__0/C
  -------------------------------------------------------------------    -------------------
    SLICE_X28Y78         FDRE (Prop_fdre_C_Q)         0.456    -1.961 r  u_lsme/u_core/op_za_reg[0]_rep__0/Q
                         net (fo=111, routed)         0.623    -1.338    u_lsme/u_core/op_za_reg[0]_rep__0_n_0
    SLICE_X29Y76         LUT2 (Prop_lut2_I1_O)        0.150    -1.188 r  u_lsme/u_core/za_reg[0][447]_i_6/O
                         net (fo=519, routed)         1.647     0.459    u_lsme/u_core/za_reg[0][447]_i_6_n_0
    SLICE_X23Y63         LUT4 (Prop_lut4_I2_O)        0.332     0.791 f  u_lsme/u_core/simple_wdata[5]_i_37/O
                         net (fo=1, routed)           0.590     1.382    u_lsme/u_core/simple_wdata[5]_i_37_n_0
    SLICE_X22Y64         LUT5 (Prop_lut5_I4_O)        0.124     1.506 f  u_lsme/u_core/simple_wdata[5]_i_24/O
                         net (fo=3, routed)           1.374     2.879    u_lsme/u_core/value[5]
    SLICE_X16Y78         LUT6 (Prop_lut6_I3_O)        0.124     3.003 r  u_lsme/u_core/simple_wdata[5]_i_17/O
                         net (fo=4, routed)           1.031     4.034    u_lsme/u_core/simple_wdata[5]_i_17_n_0
    SLICE_X11Y90         LUT6 (Prop_lut6_I0_O)        0.124     4.158 r  u_lsme/u_core/simple_wdata[0]_i_83/O
                         net (fo=1, routed)           0.000     4.158    u_lsme/u_core/simple_wdata[0]_i_83_n_0
    SLICE_X11Y90         CARRY4 (Prop_carry4_S[1]_CO[3])
                                                      0.550     4.708 r  u_lsme/u_core/simple_wdata_reg[0]_i_52/CO[3]
                         net (fo=1, routed)           0.000     4.708    u_lsme/u_core/simple_wdata_reg[0]_i_52_n_0
    SLICE_X11Y91         CARRY4 (Prop_carry4_CI_CO[3])
                                                      0.114     4.822 r  u_lsme/u_core/simple_wdata_reg[0]_i_54/CO[3]
                         net (fo=1, routed)           0.000     4.822    u_lsme/u_core/simple_wdata_reg[0]_i_54_n_0
    SLICE_X11Y92         CARRY4 (Prop_carry4_CI_CO[3])
                                                      0.114     4.936 r  u_lsme/u_core/simple_wdata_reg[0]_i_50/CO[3]
                         net (fo=1, routed)           0.000     4.936    u_lsme/u_core/simple_wdata_reg[0]_i_50_n_0
    SLICE_X11Y93         CARRY4 (Prop_carry4_CI_CO[3])
                                                      0.114     5.050 r  u_lsme/u_core/simple_wdata_reg[0]_i_55/CO[3]
                         net (fo=1, routed)           0.000     5.050    u_lsme/u_core/simple_wdata_reg[0]_i_55_n_0
    SLICE_X11Y94         CARRY4 (Prop_carry4_CI_CO[3])
                                                      0.114     5.164 r  u_lsme/u_core/simple_wdata_reg[0]_i_51/CO[3]
                         net (fo=1, routed)           0.000     5.164    u_lsme/u_core/simple_wdata_reg[0]_i_51_n_0
    SLICE_X11Y95         CARRY4 (Prop_carry4_CI_CO[3])
                                                      0.114     5.278 r  u_lsme/u_core/simple_wdata_reg[0]_i_53/CO[3]
                         net (fo=1, routed)           0.000     5.278    u_lsme/u_core/simple_wdata_reg[0]_i_53_n_0
    SLICE_X11Y96         CARRY4 (Prop_carry4_CI_O[1])
                                                      0.334     5.612 f  u_lsme/u_core/simple_wdata_reg[7]_i_139/O[1]
                         net (fo=6, routed)           0.863     6.475    u_lsme/u_core/simple_wdata_reg[7]_i_139_n_6
    SLICE_X10Y89         LUT6 (Prop_lut6_I0_O)        0.303     6.778 f  u_lsme/u_core/simple_wdata[0]_i_33/O
                         net (fo=3, routed)           0.684     7.463    u_lsme/u_core/simple_wdata[0]_i_33_n_0
    SLICE_X10Y91         LUT6 (Prop_lut6_I2_O)        0.124     7.587 f  u_lsme/u_core/simple_wdata[0]_i_22/O
                         net (fo=2, routed)           0.464     8.051    u_lsme/u_core/simple_wdata[0]_i_22_n_0
    SLICE_X9Y91          LUT5 (Prop_lut5_I0_O)        0.124     8.175 r  u_lsme/u_core/simple_wdata[0]_i_13/O
                         net (fo=2, routed)           0.518     8.693    u_lsme/u_core/simple_wdata[3]_i_32_n_0
    SLICE_X9Y93          CARRY4 (Prop_carry4_CYINIT_CO[3])
                                                      0.580     9.273 r  u_lsme/u_core/simple_wdata_reg[3]_i_24/CO[3]
                         net (fo=1, routed)           0.000     9.273    u_lsme/u_core/simple_wdata_reg[3]_i_24_n_0
    SLICE_X9Y94          CARRY4 (Prop_carry4_CI_CO[3])
                                                      0.114     9.387 r  u_lsme/u_core/simple_wdata_reg[5]_i_19/CO[3]
                         net (fo=1, routed)           0.000     9.387    u_lsme/u_core/simple_wdata_reg[5]_i_19_n_0
    SLICE_X9Y95          CARRY4 (Prop_carry4_CI_CO[3])
                                                      0.114     9.501 r  u_lsme/u_core/simple_wdata_reg[7]_i_300/CO[3]
                         net (fo=1, routed)           0.000     9.501    u_lsme/u_core/simple_wdata_reg[7]_i_300_n_0
    SLICE_X9Y96          CARRY4 (Prop_carry4_CI_CO[3])
                                                      0.114     9.615 r  u_lsme/u_core/simple_wdata_reg[7]_i_286/CO[3]
                         net (fo=1, routed)           0.000     9.615    u_lsme/u_core/simple_wdata_reg[7]_i_286_n_0
    SLICE_X9Y97          CARRY4 (Prop_carry4_CI_O[0])
                                                      0.222     9.837 f  u_lsme/u_core/simple_wdata_reg[7]_i_206/O[0]
                         net (fo=1, routed)           0.501    10.338    u_lsme/u_core/simple_wdata_reg[7]_i_206_n_7
    SLICE_X7Y97          LUT4 (Prop_lut4_I3_O)        0.299    10.637 f  u_lsme/u_core/simple_wdata[7]_i_287/O
                         net (fo=1, routed)           0.567    11.204    u_lsme/u_core/simple_wdata[7]_i_287_n_0
    SLICE_X5Y97          LUT5 (Prop_lut5_I4_O)        0.124    11.328 r  u_lsme/u_core/simple_wdata[7]_i_177/O
                         net (fo=4, routed)           0.461    11.788    u_lsme/u_core/simple_wdata[7]_i_177_n_0
    SLICE_X6Y96          LUT6 (Prop_lut6_I5_O)        0.124    11.912 r  u_lsme/u_core/simple_wdata[7]_i_145/O
                         net (fo=1, routed)           0.635    12.547    u_lsme/u_core/simple_wdata[7]_i_145_n_0
    SLICE_X6Y98          CARRY4 (Prop_carry4_DI[1]_CO[3])
                                                      0.520    13.067 r  u_lsme/u_core/simple_wdata_reg[7]_i_73/CO[3]
                         net (fo=1, routed)           0.000    13.067    u_lsme/u_core/simple_wdata_reg[7]_i_73_n_0
    SLICE_X6Y99          CARRY4 (Prop_carry4_CI_CO[3])
                                                      0.117    13.184 r  u_lsme/u_core/simple_wdata_reg[7]_i_32/CO[3]
                         net (fo=1, routed)           0.001    13.185    u_lsme/u_core/simple_wdata_reg[7]_i_32_n_0
    SLICE_X6Y100         CARRY4 (Prop_carry4_CI_CO[0])
                                                      0.254    13.439 f  u_lsme/u_core/simple_wdata_reg[7]_i_12/CO[0]
                         net (fo=8, routed)           0.593    14.031    u_lsme/u_core/simple_wdata_reg[7]_i_12_n_3
    SLICE_X8Y101         LUT5 (Prop_lut5_I4_O)        0.367    14.398 f  u_lsme/u_core/simple_wdata[4]_i_17/O
                         net (fo=1, routed)           0.593    14.991    u_lsme/u_core/simple_wdata[4]_i_17_n_0
    SLICE_X8Y100         LUT6 (Prop_lut6_I1_O)        0.124    15.115 f  u_lsme/u_core/simple_wdata[4]_i_10/O
                         net (fo=1, routed)           0.470    15.585    u_lsme/u_core/simple_wdata[4]_i_10_n_0
    SLICE_X12Y100        LUT6 (Prop_lut6_I0_O)        0.124    15.709 r  u_lsme/u_core/simple_wdata[4]_i_6/O
                         net (fo=1, routed)           0.298    16.007    u_lsme/u_core/simple_wdata[4]_i_6_n_0
    SLICE_X17Y100        LUT5 (Prop_lut5_I0_O)        0.124    16.131 r  u_lsme/u_core/simple_wdata[4]_i_3/O
                         net (fo=1, routed)           0.771    16.903    u_lsme/u_exec/u_softmax/core_mem_req_wdata[4]
    SLICE_X15Y100        LUT3 (Prop_lut3_I2_O)        0.150    17.053 r  u_lsme/u_exec/u_softmax/simple_wdata[4]_i_1/O
                         net (fo=1, routed)           0.000    17.053    u_lsme/u_axi_master/simple_wdata_reg[31]_1[4]
    SLICE_X15Y100        FDRE                                         r  u_lsme/u_axi_master/simple_wdata_reg[4]/D
  -------------------------------------------------------------------    -------------------

                         (clock sys_clk rise edge)   20.000    20.000 r  
    K21                                               0.000    20.000 r  clk (IN)
                         net (fo=0)                   0.000    20.000    pll_clk.u_clk_pll/inst/clk_in1
    K21                  IBUF (Prop_ibuf_I_O)         1.393    21.393 r  pll_clk.u_clk_pll/inst/clkin1_ibufg/O
                         net (fo=1, routed)           1.181    22.573    pll_clk.u_clk_pll/inst/clk_in1_clk_pll
    PLLE2_ADV_X0Y3       PLLE2_ADV (Prop_plle2_adv_CLKIN1_CLKOUT1)
                                                     -8.248    14.326 r  pll_clk.u_clk_pll/inst/plle2_adv_inst/CLKOUT1
                         net (fo=1, routed)           1.755    16.081    pll_clk.u_clk_pll/inst/sys_clk_clk_pll
    BUFGCTRL_X0Y16       BUFG (Prop_bufg_I_O)         0.091    16.172 r  pll_clk.u_clk_pll/inst/clkout2_buf/O
                         net (fo=15174, routed)       1.657    17.829    u_lsme/u_axi_master/sys_clk
    SLICE_X15Y100        FDRE                                         r  u_lsme/u_axi_master/simple_wdata_reg[4]/C
                         clock pessimism             -0.507    17.322    
                         clock uncertainty           -0.071    17.252    
    SLICE_X15Y100        FDRE (Setup_fdre_C_D)        0.075    17.327    u_lsme/u_axi_master/simple_wdata_reg[4]
  -------------------------------------------------------------------
                         required time                         17.327    
                         arrival time                         -17.053    
  -------------------------------------------------------------------
                         slack                                  0.274    





Min Delay Paths
--------------------------------------------------------------------------------------
Slack (MET) :             0.041ns  (arrival time - required time)
  Source:                 u_lsme/u_exec/softmax_index_reg[0]__0_rep__4/C
                            (rising edge-triggered cell FDRE clocked by sys_clk  {rise@0.000ns fall@10.000ns period=20.000ns})
  Destination:            u_lsme/u_exec/softmax_input_reg[985]/D
                            (rising edge-triggered cell FDRE clocked by sys_clk  {rise@0.000ns fall@10.000ns period=20.000ns})
  Path Group:             sys_clk
  Path Type:              Hold (Min at Fast Process Corner)
  Requirement:            0.000ns  (sys_clk rise@0.000ns - sys_clk rise@0.000ns)
  Data Path Delay:        0.508ns  (logic 0.186ns (36.631%)  route 0.322ns (63.369%))
  Logic Levels:           1  (LUT6=1)
  Clock Path Skew:        0.346ns (DCD - SCD - CPR)
    Destination Clock Delay (DCD):    -0.231ns
    Source Clock Delay      (SCD):    -0.540ns
    Clock Pessimism Removal (CPR):    -0.037ns

    Location             Delay type                Incr(ns)  Path(ns)    Netlist Resource(s)
  -------------------------------------------------------------------    -------------------
                         (clock sys_clk rise edge)    0.000     0.000 r  
    K21                                               0.000     0.000 r  clk (IN)
                         net (fo=0)                   0.000     0.000    pll_clk.u_clk_pll/inst/clk_in1
    K21                  IBUF (Prop_ibuf_I_O)         0.231     0.231 r  pll_clk.u_clk_pll/inst/clkin1_ibufg/O
                         net (fo=1, routed)           0.440     0.671    pll_clk.u_clk_pll/inst/clk_in1_clk_pll
    PLLE2_ADV_X0Y3       PLLE2_ADV (Prop_plle2_adv_CLKIN1_CLKOUT1)
                                                     -2.520    -1.848 r  pll_clk.u_clk_pll/inst/plle2_adv_inst/CLKOUT1
                         net (fo=1, routed)           0.560    -1.289    pll_clk.u_clk_pll/inst/sys_clk_clk_pll
    BUFGCTRL_X0Y16       BUFG (Prop_bufg_I_O)         0.026    -1.263 r  pll_clk.u_clk_pll/inst/clkout2_buf/O
                         net (fo=15174, routed)       0.722    -0.540    u_lsme/u_exec/sys_clk
    SLICE_X7Y54          FDRE                                         r  u_lsme/u_exec/softmax_index_reg[0]__0_rep__4/C
  -------------------------------------------------------------------    -------------------
    SLICE_X7Y54          FDRE (Prop_fdre_C_Q)         0.141    -0.399 f  u_lsme/u_exec/softmax_index_reg[0]__0_rep__4/Q
                         net (fo=122, routed)         0.322    -0.078    u_lsme/u_exec/softmax_index_reg[0]__0_rep__4_n_0
    SLICE_X6Y49          LUT6 (Prop_lut6_I2_O)        0.045    -0.033 r  u_lsme/u_exec/softmax_input[985]_i_1/O
                         net (fo=1, routed)           0.000    -0.033    u_lsme/u_exec/softmax_input[985]
    SLICE_X6Y49          FDRE                                         r  u_lsme/u_exec/softmax_input_reg[985]/D
  -------------------------------------------------------------------    -------------------

                         (clock sys_clk rise edge)    0.000     0.000 r  
    K21                                               0.000     0.000 r  clk (IN)
                         net (fo=0)                   0.000     0.000    pll_clk.u_clk_pll/inst/clk_in1
    K21                  IBUF (Prop_ibuf_I_O)         0.419     0.419 r  pll_clk.u_clk_pll/inst/clkin1_ibufg/O
                         net (fo=1, routed)           0.481     0.900    pll_clk.u_clk_pll/inst/clk_in1_clk_pll
    PLLE2_ADV_X0Y3       PLLE2_ADV (Prop_plle2_adv_CLKIN1_CLKOUT1)
                                                     -2.847    -1.947 r  pll_clk.u_clk_pll/inst/plle2_adv_inst/CLKOUT1
                         net (fo=1, routed)           0.611    -1.337    pll_clk.u_clk_pll/inst/sys_clk_clk_pll
    BUFGCTRL_X0Y16       BUFG (Prop_bufg_I_O)         0.029    -1.308 r  pll_clk.u_clk_pll/inst/clkout2_buf/O
                         net (fo=15174, routed)       1.077    -0.231    u_lsme/u_exec/sys_clk
    SLICE_X6Y49          FDRE                                         r  u_lsme/u_exec/softmax_input_reg[985]/C
                         clock pessimism              0.037    -0.194    
    SLICE_X6Y49          FDRE (Hold_fdre_C_D)         0.121    -0.073    u_lsme/u_exec/softmax_input_reg[985]
  -------------------------------------------------------------------
                         required time                          0.073    
                         arrival time                          -0.033    
  -------------------------------------------------------------------
                         slack                                  0.041    





Pulse Width Checks
--------------------------------------------------------------------------------------
Clock Name:         sys_clk
Waveform(ns):       { 0.000 10.000 }
Period(ns):         20.000
Sources:            { pll_clk.u_clk_pll/inst/plle2_adv_inst/CLKOUT1 }

Check Type        Corner  Lib Pin             Reference Pin  Required(ns)  Actual(ns)  Slack(ns)  Location        Pin
Min Period        n/a     RAMB36E1/CLKARDCLK  n/a            2.576         20.000      17.424     RAMB36_X7Y9     u_lsme/u_exec/u_gemm_v2/u_a_scratch/memory_reg/CLKARDCLK
Max Period        n/a     PLLE2_ADV/CLKOUT1   n/a            160.000       20.000      140.000    PLLE2_ADV_X0Y3  pll_clk.u_clk_pll/inst/plle2_adv_inst/CLKOUT1
Low Pulse Width   Slow    RAMD32/CLK          n/a            1.250         10.000      8.750      SLICE_X88Y106   axi4WriteOnlyArbiter_4/cmdRouteFork_translated_fifo/fifo/logic_ram_reg_0_3_0_0/DP/CLK
High Pulse Width  Slow    RAMD32/CLK          n/a            1.250         10.000      8.750      SLICE_X88Y106   axi4WriteOnlyArbiter_4/cmdRouteFork_translated_fifo/fifo/logic_ram_reg_0_3_0_0/DP/CLK



---------------------------------------------------------------------------------------------------
Path Group:  **async_default**
From Clock:  cpu_clk
  To Clock:  cpu_clk

Setup :            0  Failing Endpoints,  Worst Slack       22.590ns,  Total Violation        0.000ns
Hold  :            0  Failing Endpoints,  Worst Slack        0.763ns,  Total Violation        0.000ns
---------------------------------------------------------------------------------------------------


Max Delay Paths
--------------------------------------------------------------------------------------
Slack (MET) :             22.590ns  (required time - arrival time)
  Source:                 pll_clk.u_rst_cpu/delay_reg[1]/C
                            (rising edge-triggered cell FDCE clocked by cpu_clk  {rise@0.000ns fall@15.161ns period=30.323ns})
  Destination:            u_Axi_CDC/arFifo/pushCC_pushPtrGray_reg[2]/CLR
                            (recovery check against rising-edge clock cpu_clk  {rise@0.000ns fall@15.161ns period=30.323ns})
  Path Group:             **async_default**
  Path Type:              Recovery (Max at Slow Process Corner)
  Requirement:            30.323ns  (cpu_clk rise@30.323ns - cpu_clk rise@0.000ns)
  Data Path Delay:        7.266ns  (logic 0.642ns (8.836%)  route 6.624ns (91.164%))
  Logic Levels:           1  (LUT1=1)
  Clock Path Skew:        -0.031ns (DCD - SCD + CPR)
    Destination Clock Delay (DCD):    -2.108ns = ( 28.214 - 30.323 ) 
    Source Clock Delay      (SCD):    -2.584ns
    Clock Pessimism Removal (CPR):    -0.507ns
  Clock Uncertainty:      0.074ns  ((TSJ^2 + DJ^2)^1/2) / 2 + PE
    Total System Jitter     (TSJ):    0.071ns
    Discrete Jitter          (DJ):    0.130ns
    Phase Error              (PE):    0.000ns

    Location             Delay type                Incr(ns)  Path(ns)    Netlist Resource(s)
  -------------------------------------------------------------------    -------------------
                         (clock cpu_clk rise edge)    0.000     0.000 r  
    K21                                               0.000     0.000 r  clk (IN)
                         net (fo=0)                   0.000     0.000    pll_clk.u_clk_pll/inst/clk_in1
    K21                  IBUF (Prop_ibuf_I_O)         1.463     1.463 r  pll_clk.u_clk_pll/inst/clkin1_ibufg/O
                         net (fo=1, routed)           1.253     2.716    pll_clk.u_clk_pll/inst/clk_in1_clk_pll
    PLLE2_ADV_X0Y3       PLLE2_ADV (Prop_plle2_adv_CLKIN1_CLKOUT0)
                                                     -8.991    -6.275 r  pll_clk.u_clk_pll/inst/plle2_adv_inst/CLKOUT0
                         net (fo=1, routed)           1.837    -4.438    pll_clk.u_clk_pll/inst/cpu_clk_clk_pll
    BUFGCTRL_X0Y17       BUFG (Prop_bufg_I_O)         0.096    -4.342 r  pll_clk.u_clk_pll/inst/clkout1_buf/O
                         net (fo=6595, routed)        1.758    -2.584    pll_clk.u_rst_cpu/cpu_clk
    SLICE_X144Y100       FDCE                                         r  pll_clk.u_rst_cpu/delay_reg[1]/C
  -------------------------------------------------------------------    -------------------
    SLICE_X144Y100       FDCE (Prop_fdce_C_Q)         0.518    -2.066 r  pll_clk.u_rst_cpu/delay_reg[1]/Q
                         net (fo=2, routed)           1.246    -0.820    pll_clk.u_rst_cpu/Q[0]
    SLICE_X133Y100       LUT1 (Prop_lut1_I0_O)        0.124    -0.696 f  pll_clk.u_rst_cpu/reset_i_1/O
                         net (fo=204, routed)         5.378     4.682    u_Axi_CDC/arFifo/p_0_in
    SLICE_X98Y98         FDCE                                         f  u_Axi_CDC/arFifo/pushCC_pushPtrGray_reg[2]/CLR
  -------------------------------------------------------------------    -------------------

                         (clock cpu_clk rise edge)   30.323    30.323 r  
    K21                                               0.000    30.323 r  clk (IN)
                         net (fo=0)                   0.000    30.323    pll_clk.u_clk_pll/inst/clk_in1
    K21                  IBUF (Prop_ibuf_I_O)         1.393    31.715 r  pll_clk.u_clk_pll/inst/clkin1_ibufg/O
                         net (fo=1, routed)           1.181    32.896    pll_clk.u_clk_pll/inst/clk_in1_clk_pll
    PLLE2_ADV_X0Y3       PLLE2_ADV (Prop_plle2_adv_CLKIN1_CLKOUT0)
                                                     -8.248    24.648 r  pll_clk.u_clk_pll/inst/plle2_adv_inst/CLKOUT0
                         net (fo=1, routed)           1.755    26.403    pll_clk.u_clk_pll/inst/cpu_clk_clk_pll
    BUFGCTRL_X0Y17       BUFG (Prop_bufg_I_O)         0.091    26.494 r  pll_clk.u_clk_pll/inst/clkout1_buf/O
                         net (fo=6595, routed)        1.720    28.214    u_Axi_CDC/arFifo/cpu_clk
    SLICE_X98Y98         FDCE                                         r  u_Axi_CDC/arFifo/pushCC_pushPtrGray_reg[2]/C
                         clock pessimism             -0.507    27.708    
                         clock uncertainty           -0.074    27.634    
    SLICE_X98Y98         FDCE (Recov_fdce_C_CLR)     -0.361    27.273    u_Axi_CDC/arFifo/pushCC_pushPtrGray_reg[2]
  -------------------------------------------------------------------
                         required time                         27.273    
                         arrival time                          -4.682    
  -------------------------------------------------------------------
                         slack                                 22.590    





Min Delay Paths
--------------------------------------------------------------------------------------
Slack (MET) :             0.763ns  (arrival time - required time)
  Source:                 u_Axi_CDC/bFifo/bufferCC_12/buffers_1_reg/C
                            (rising edge-triggered cell FDCE clocked by cpu_clk  {rise@0.000ns fall@15.161ns period=30.323ns})
  Destination:            u_Axi_CDC/rFifo/popCC_addressGen_rValid_reg/CLR
                            (removal check against rising-edge clock cpu_clk  {rise@0.000ns fall@15.161ns period=30.323ns})
  Path Group:             **async_default**
  Path Type:              Removal (Min at Fast Process Corner)
  Requirement:            0.000ns  (cpu_clk rise@0.000ns - cpu_clk rise@0.000ns)
  Data Path Delay:        0.712ns  (logic 0.227ns (31.870%)  route 0.485ns (68.130%))
  Logic Levels:           1  (LUT1=1)
  Clock Path Skew:        0.016ns (DCD - SCD - CPR)
    Destination Clock Delay (DCD):    -0.343ns
    Source Clock Delay      (SCD):    -0.573ns
    Clock Pessimism Removal (CPR):    0.214ns

    Location             Delay type                Incr(ns)  Path(ns)    Netlist Resource(s)
  -------------------------------------------------------------------    -------------------
                         (clock cpu_clk rise edge)    0.000     0.000 r  
    K21                                               0.000     0.000 r  clk (IN)
                         net (fo=0)                   0.000     0.000    pll_clk.u_clk_pll/inst/clk_in1
    K21                  IBUF (Prop_ibuf_I_O)         0.231     0.231 r  pll_clk.u_clk_pll/inst/clkin1_ibufg/O
                         net (fo=1, routed)           0.440     0.671    pll_clk.u_clk_pll/inst/clk_in1_clk_pll
    PLLE2_ADV_X0Y3       PLLE2_ADV (Prop_plle2_adv_CLKIN1_CLKOUT0)
                                                     -2.520    -1.848 r  pll_clk.u_clk_pll/inst/plle2_adv_inst/CLKOUT0
                         net (fo=1, routed)           0.560    -1.289    pll_clk.u_clk_pll/inst/cpu_clk_clk_pll
    BUFGCTRL_X0Y17       BUFG (Prop_bufg_I_O)         0.026    -1.263 r  pll_clk.u_clk_pll/inst/clkout1_buf/O
                         net (fo=6595, routed)        0.689    -0.573    u_Axi_CDC/bFifo/bufferCC_12/cpu_clk
    SLICE_X145Y99        FDCE                                         r  u_Axi_CDC/bFifo/bufferCC_12/buffers_1_reg/C
  -------------------------------------------------------------------    -------------------
    SLICE_X145Y99        FDCE (Prop_fdce_C_Q)         0.128    -0.445 r  u_Axi_CDC/bFifo/bufferCC_12/buffers_1_reg/Q
                         net (fo=1, routed)           0.283    -0.163    u_Axi_CDC/bFifo/bufferCC_12/buffers_1
    SLICE_X145Y99        LUT1 (Prop_lut1_I0_O)        0.099    -0.064 f  u_Axi_CDC/bFifo/bufferCC_12/popCC_popPtr[2]_i_2__1/O
                         net (fo=30, routed)          0.203     0.139    u_Axi_CDC/rFifo/buffers_0_reg[3]
    SLICE_X144Y98        FDCE                                         f  u_Axi_CDC/rFifo/popCC_addressGen_rValid_reg/CLR
  -------------------------------------------------------------------    -------------------

                         (clock cpu_clk rise edge)    0.000     0.000 r  
    K21                                               0.000     0.000 r  clk (IN)
                         net (fo=0)                   0.000     0.000    pll_clk.u_clk_pll/inst/clk_in1
    K21                  IBUF (Prop_ibuf_I_O)         0.419     0.419 r  pll_clk.u_clk_pll/inst/clkin1_ibufg/O
                         net (fo=1, routed)           0.481     0.900    pll_clk.u_clk_pll/inst/clk_in1_clk_pll
    PLLE2_ADV_X0Y3       PLLE2_ADV (Prop_plle2_adv_CLKIN1_CLKOUT0)
                                                     -2.847    -1.947 r  pll_clk.u_clk_pll/inst/plle2_adv_inst/CLKOUT0
                         net (fo=1, routed)           0.611    -1.337    pll_clk.u_clk_pll/inst/cpu_clk_clk_pll
    BUFGCTRL_X0Y17       BUFG (Prop_bufg_I_O)         0.029    -1.308 r  pll_clk.u_clk_pll/inst/clkout1_buf/O
                         net (fo=6595, routed)        0.965    -0.343    u_Axi_CDC/rFifo/cpu_clk
    SLICE_X144Y98        FDCE                                         r  u_Axi_CDC/rFifo/popCC_addressGen_rValid_reg/C
                         clock pessimism             -0.214    -0.557    
    SLICE_X144Y98        FDCE (Remov_fdce_C_CLR)     -0.067    -0.624    u_Axi_CDC/rFifo/popCC_addressGen_rValid_reg
  -------------------------------------------------------------------
                         required time                          0.624    
                         arrival time                           0.139    
  -------------------------------------------------------------------
                         slack                                  0.763    





---------------------------------------------------------------------------------------------------
Path Group:  **async_default**
From Clock:  sys_clk
  To Clock:  sys_clk

Setup :            0  Failing Endpoints,  Worst Slack        1.962ns,  Total Violation        0.000ns
Hold  :            0  Failing Endpoints,  Worst Slack        0.626ns,  Total Violation        0.000ns
---------------------------------------------------------------------------------------------------


Max Delay Paths
--------------------------------------------------------------------------------------
Slack (MET) :             1.962ns  (required time - arrival time)
  Source:                 pll_clk.u_rst_sys/delay_reg[1]/C
                            (rising edge-triggered cell FDCE clocked by sys_clk  {rise@0.000ns fall@10.000ns period=20.000ns})
  Destination:            u_axi_ram/u_axi_sram_sp/write_data_q_reg[7]/CLR
                            (recovery check against rising-edge clock sys_clk  {rise@0.000ns fall@10.000ns period=20.000ns})
  Path Group:             **async_default**
  Path Type:              Recovery (Max at Slow Process Corner)
  Requirement:            20.000ns  (sys_clk rise@20.000ns - sys_clk rise@0.000ns)
  Data Path Delay:        17.532ns  (logic 0.642ns (3.662%)  route 16.890ns (96.338%))
  Logic Levels:           1  (LUT1=1)
  Clock Path Skew:        -0.030ns (DCD - SCD + CPR)
    Destination Clock Delay (DCD):    -2.172ns = ( 17.828 - 20.000 ) 
    Source Clock Delay      (SCD):    -2.577ns
    Clock Pessimism Removal (CPR):    -0.435ns
  Clock Uncertainty:      0.071ns  ((TSJ^2 + DJ^2)^1/2) / 2 + PE
    Total System Jitter     (TSJ):    0.071ns
    Discrete Jitter          (DJ):    0.122ns
    Phase Error              (PE):    0.000ns

    Location             Delay type                Incr(ns)  Path(ns)    Netlist Resource(s)
  -------------------------------------------------------------------    -------------------
                         (clock sys_clk rise edge)    0.000     0.000 r  
    K21                                               0.000     0.000 r  clk (IN)
                         net (fo=0)                   0.000     0.000    pll_clk.u_clk_pll/inst/clk_in1
    K21                  IBUF (Prop_ibuf_I_O)         1.463     1.463 r  pll_clk.u_clk_pll/inst/clkin1_ibufg/O
                         net (fo=1, routed)           1.253     2.716    pll_clk.u_clk_pll/inst/clk_in1_clk_pll
    PLLE2_ADV_X0Y3       PLLE2_ADV (Prop_plle2_adv_CLKIN1_CLKOUT1)
                                                     -8.991    -6.275 r  pll_clk.u_clk_pll/inst/plle2_adv_inst/CLKOUT1
                         net (fo=1, routed)           1.837    -4.438    pll_clk.u_clk_pll/inst/sys_clk_clk_pll
    BUFGCTRL_X0Y16       BUFG (Prop_bufg_I_O)         0.096    -4.342 r  pll_clk.u_clk_pll/inst/clkout2_buf/O
                         net (fo=15174, routed)       1.765    -2.577    pll_clk.u_rst_sys/sys_clk
    SLICE_X8Y116         FDCE                                         r  pll_clk.u_rst_sys/delay_reg[1]/C
  -------------------------------------------------------------------    -------------------
    SLICE_X8Y116         FDCE (Prop_fdce_C_Q)         0.518    -2.059 r  pll_clk.u_rst_sys/delay_reg[1]/Q
                         net (fo=65, routed)          8.672     6.614    pll_clk.u_rst_sys/Q[0]
    SLICE_X114Y34        LUT1 (Prop_lut1_I0_O)        0.124     6.738 f  pll_clk.u_rst_sys/cfg_bias_enable_i_1/O
                         net (fo=13629, routed)       8.218    14.956    u_axi_ram/u_axi_sram_sp/prst
    SLICE_X15Y106        FDCE                                         f  u_axi_ram/u_axi_sram_sp/write_data_q_reg[7]/CLR
  -------------------------------------------------------------------    -------------------

                         (clock sys_clk rise edge)   20.000    20.000 r  
    K21                                               0.000    20.000 r  clk (IN)
                         net (fo=0)                   0.000    20.000    pll_clk.u_clk_pll/inst/clk_in1
    K21                  IBUF (Prop_ibuf_I_O)         1.393    21.393 r  pll_clk.u_clk_pll/inst/clkin1_ibufg/O
                         net (fo=1, routed)           1.181    22.573    pll_clk.u_clk_pll/inst/clk_in1_clk_pll
    PLLE2_ADV_X0Y3       PLLE2_ADV (Prop_plle2_adv_CLKIN1_CLKOUT1)
                                                     -8.248    14.326 r  pll_clk.u_clk_pll/inst/plle2_adv_inst/CLKOUT1
                         net (fo=1, routed)           1.755    16.081    pll_clk.u_clk_pll/inst/sys_clk_clk_pll
    BUFGCTRL_X0Y16       BUFG (Prop_bufg_I_O)         0.091    16.172 r  pll_clk.u_clk_pll/inst/clkout2_buf/O
                         net (fo=15174, routed)       1.656    17.828    u_axi_ram/u_axi_sram_sp/sys_clk
    SLICE_X15Y106        FDCE                                         r  u_axi_ram/u_axi_sram_sp/write_data_q_reg[7]/C
                         clock pessimism             -0.435    17.393    
                         clock uncertainty           -0.071    17.323    
    SLICE_X15Y106        FDCE (Recov_fdce_C_CLR)     -0.405    16.918    u_axi_ram/u_axi_sram_sp/write_data_q_reg[7]
  -------------------------------------------------------------------
                         required time                         16.918    
                         arrival time                         -14.956    
  -------------------------------------------------------------------
                         slack                                  1.962    





Min Delay Paths
--------------------------------------------------------------------------------------
Slack (MET) :             0.626ns  (arrival time - required time)
  Source:                 u_Axi_CDC/awFifo/bufferCC_12/buffers_1_reg/C
                            (rising edge-triggered cell FDCE clocked by sys_clk  {rise@0.000ns fall@10.000ns period=20.000ns})
  Destination:            u_Axi_CDC/arFifo/popCC_addressGen_rValid_reg/CLR
                            (removal check against rising-edge clock sys_clk  {rise@0.000ns fall@10.000ns period=20.000ns})
  Path Group:             **async_default**
  Path Type:              Removal (Min at Fast Process Corner)
  Requirement:            0.000ns  (sys_clk rise@0.000ns - sys_clk rise@0.000ns)
  Data Path Delay:        0.836ns  (logic 0.227ns (27.144%)  route 0.609ns (72.856%))
  Logic Levels:           1  (LUT1=1)
  Clock Path Skew:        0.277ns (DCD - SCD - CPR)
    Destination Clock Delay (DCD):    -0.459ns
    Source Clock Delay      (SCD):    -0.696ns
    Clock Pessimism Removal (CPR):    -0.040ns

    Location             Delay type                Incr(ns)  Path(ns)    Netlist Resource(s)
  -------------------------------------------------------------------    -------------------
                         (clock sys_clk rise edge)    0.000     0.000 r  
    K21                                               0.000     0.000 r  clk (IN)
                         net (fo=0)                   0.000     0.000    pll_clk.u_clk_pll/inst/clk_in1
    K21                  IBUF (Prop_ibuf_I_O)         0.231     0.231 r  pll_clk.u_clk_pll/inst/clkin1_ibufg/O
                         net (fo=1, routed)           0.440     0.671    pll_clk.u_clk_pll/inst/clk_in1_clk_pll
    PLLE2_ADV_X0Y3       PLLE2_ADV (Prop_plle2_adv_CLKIN1_CLKOUT1)
                                                     -2.520    -1.848 r  pll_clk.u_clk_pll/inst/plle2_adv_inst/CLKOUT1
                         net (fo=1, routed)           0.560    -1.289    pll_clk.u_clk_pll/inst/sys_clk_clk_pll
    BUFGCTRL_X0Y16       BUFG (Prop_bufg_I_O)         0.026    -1.263 r  pll_clk.u_clk_pll/inst/clkout2_buf/O
                         net (fo=15174, routed)       0.567    -0.696    u_Axi_CDC/awFifo/bufferCC_12/sys_clk
    SLICE_X83Y103        FDCE                                         r  u_Axi_CDC/awFifo/bufferCC_12/buffers_1_reg/C
  -------------------------------------------------------------------    -------------------
    SLICE_X83Y103        FDCE (Prop_fdce_C_Q)         0.128    -0.568 r  u_Axi_CDC/awFifo/bufferCC_12/buffers_1_reg/Q
                         net (fo=1, routed)           0.217    -0.351    u_Axi_CDC/awFifo/bufferCC_12/buffers_1
    SLICE_X83Y103        LUT1 (Prop_lut1_I0_O)        0.099    -0.252 f  u_Axi_CDC/awFifo/bufferCC_12/popCC_popPtr[2]_i_2__0/O
                         net (fo=43, routed)          0.392     0.140    u_Axi_CDC/arFifo/buffers_0_reg[2]
    SLICE_X90Y104        FDCE                                         f  u_Axi_CDC/arFifo/popCC_addressGen_rValid_reg/CLR
  -------------------------------------------------------------------    -------------------

                         (clock sys_clk rise edge)    0.000     0.000 r  
    K21                                               0.000     0.000 r  clk (IN)
                         net (fo=0)                   0.000     0.000    pll_clk.u_clk_pll/inst/clk_in1
    K21                  IBUF (Prop_ibuf_I_O)         0.419     0.419 r  pll_clk.u_clk_pll/inst/clkin1_ibufg/O
                         net (fo=1, routed)           0.481     0.900    pll_clk.u_clk_pll/inst/clk_in1_clk_pll
    PLLE2_ADV_X0Y3       PLLE2_ADV (Prop_plle2_adv_CLKIN1_CLKOUT1)
                                                     -2.847    -1.947 r  pll_clk.u_clk_pll/inst/plle2_adv_inst/CLKOUT1
                         net (fo=1, routed)           0.611    -1.337    pll_clk.u_clk_pll/inst/sys_clk_clk_pll
    BUFGCTRL_X0Y16       BUFG (Prop_bufg_I_O)         0.029    -1.308 r  pll_clk.u_clk_pll/inst/clkout2_buf/O
                         net (fo=15174, routed)       0.849    -0.459    u_Axi_CDC/arFifo/sys_clk
    SLICE_X90Y104        FDCE                                         r  u_Axi_CDC/arFifo/popCC_addressGen_rValid_reg/C
                         clock pessimism              0.040    -0.419    
    SLICE_X90Y104        FDCE (Remov_fdce_C_CLR)     -0.067    -0.486    u_Axi_CDC/arFifo/popCC_addressGen_rValid_reg
  -------------------------------------------------------------------
                         required time                          0.486    
                         arrival time                           0.140    
  -------------------------------------------------------------------
                         slack                                  0.626    





--------------------------------------------------------------------------------------
Path Group:  (none)
From Clock:  sys_clk
  To Clock:  cpu_clk

Max Delay            89 Endpoints
Min Delay            89 Endpoints
--------------------------------------------------------------------------------------


Max Delay Paths
--------------------------------------------------------------------------------------
Slack:                    inf
  Source:                 pll_clk.u_rst_sys/delay_reg[1]/C
                            (rising edge-triggered cell FDCE clocked by sys_clk  {rise@0.000ns fall@10.000ns period=20.000ns})
  Destination:            pll_clk.u_rst_cpu/delay_reg[0]/CLR
                            (recovery check against rising-edge clock cpu_clk  {rise@0.000ns fall@15.161ns period=30.323ns})
  Path Group:             (none)
  Path Type:              Recovery (Max at Slow Process Corner)
  Data Path Delay:        13.967ns  (logic 0.642ns (4.597%)  route 13.325ns (95.403%))
  Logic Levels:           1  (LUT1=1)
  Clock Path Skew:        0.388ns (DCD - SCD + CPR)
    Destination Clock Delay (DCD):    -2.189ns
    Source Clock Delay      (SCD):    -2.577ns
    Clock Pessimism Removal (CPR):    0.000ns
  Clock Uncertainty:      0.194ns  ((TSJ^2 + DJ^2)^1/2) / 2 + PE
    Total System Jitter     (TSJ):    0.071ns
    Discrete Jitter          (DJ):    0.130ns
    Phase Error              (PE):    0.120ns
  Timing Exception:       Asynchronous Clock Groups

    Location             Delay type                Incr(ns)  Path(ns)    Netlist Resource(s)
  -------------------------------------------------------------------    -------------------
                         (clock sys_clk rise edge)    0.000     0.000 r  
    K21                                               0.000     0.000 r  clk (IN)
                         net (fo=0)                   0.000     0.000    pll_clk.u_clk_pll/inst/clk_in1
    K21                  IBUF (Prop_ibuf_I_O)         1.463     1.463 r  pll_clk.u_clk_pll/inst/clkin1_ibufg/O
                         net (fo=1, routed)           1.253     2.716    pll_clk.u_clk_pll/inst/clk_in1_clk_pll
    PLLE2_ADV_X0Y3       PLLE2_ADV (Prop_plle2_adv_CLKIN1_CLKOUT1)
                                                     -8.991    -6.275 r  pll_clk.u_clk_pll/inst/plle2_adv_inst/CLKOUT1
                         net (fo=1, routed)           1.837    -4.438    pll_clk.u_clk_pll/inst/sys_clk_clk_pll
    BUFGCTRL_X0Y16       BUFG (Prop_bufg_I_O)         0.096    -4.342 r  pll_clk.u_clk_pll/inst/clkout2_buf/O
                         net (fo=15174, routed)       1.765    -2.577    pll_clk.u_rst_sys/sys_clk
    SLICE_X8Y116         FDCE                                         r  pll_clk.u_rst_sys/delay_reg[1]/C
  -------------------------------------------------------------------    -------------------
    SLICE_X8Y116         FDCE (Prop_fdce_C_Q)         0.518    -2.059 r  pll_clk.u_rst_sys/delay_reg[1]/Q
                         net (fo=65, routed)          8.672     6.614    pll_clk.u_rst_sys/Q[0]
    SLICE_X114Y34        LUT1 (Prop_lut1_I0_O)        0.124     6.738 f  pll_clk.u_rst_sys/cfg_bias_enable_i_1/O
                         net (fo=13629, routed)       4.652    11.390    pll_clk.u_rst_cpu/prst
    SLICE_X144Y100       FDCE                                         f  pll_clk.u_rst_cpu/delay_reg[0]/CLR
  -------------------------------------------------------------------    -------------------

                         (clock cpu_clk rise edge)    0.000     0.000 r  
    K21                                               0.000     0.000 r  clk (IN)
                         net (fo=0)                   0.000     0.000    pll_clk.u_clk_pll/inst/clk_in1
    K21                  IBUF (Prop_ibuf_I_O)         1.393     1.393 r  pll_clk.u_clk_pll/inst/clkin1_ibufg/O
                         net (fo=1, routed)           1.181     2.573    pll_clk.u_clk_pll/inst/clk_in1_clk_pll
    PLLE2_ADV_X0Y3       PLLE2_ADV (Prop_plle2_adv_CLKIN1_CLKOUT0)
                                                     -8.248    -5.674 r  pll_clk.u_clk_pll/inst/plle2_adv_inst/CLKOUT0
                         net (fo=1, routed)           1.755    -3.919    pll_clk.u_clk_pll/inst/cpu_clk_clk_pll
    BUFGCTRL_X0Y17       BUFG (Prop_bufg_I_O)         0.091    -3.828 r  pll_clk.u_clk_pll/inst/clkout1_buf/O
                         net (fo=6595, routed)        1.639    -2.189    pll_clk.u_rst_cpu/cpu_clk
    SLICE_X144Y100       FDCE                                         r  pll_clk.u_rst_cpu/delay_reg[0]/C





Min Delay Paths
--------------------------------------------------------------------------------------
Slack:                    inf
  Source:                 u_lsme_lacc_cdc/dst_rsp_payload_reg[21]/C
                            (rising edge-triggered cell FDRE clocked by sys_clk  {rise@0.000ns fall@10.000ns period=20.000ns})
  Destination:            u_lsme_lacc_cdc/src_rsp_data_sync1_reg[21]/D
                            (rising edge-triggered cell FDRE clocked by cpu_clk  {rise@0.000ns fall@15.161ns period=30.323ns})
  Path Group:             (none)
  Path Type:              Hold (Min at Slow Process Corner)
  Data Path Delay:        0.615ns  (logic 0.367ns (59.673%)  route 0.248ns (40.327%))
  Logic Levels:           0  
  Clock Path Skew:        -0.394ns (DCD - SCD - CPR)
    Destination Clock Delay (DCD):    -2.693ns
    Source Clock Delay      (SCD):    -2.299ns
    Clock Pessimism Removal (CPR):    -0.000ns
  Clock Uncertainty:      0.194ns  ((TSJ^2 + DJ^2)^1/2) / 2 + PE
    Total System Jitter     (TSJ):    0.071ns
    Discrete Jitter          (DJ):    0.130ns
    Phase Error              (PE):    0.120ns
  Timing Exception:       Asynchronous Clock Groups

    Location             Delay type                Incr(ns)  Path(ns)    Netlist Resource(s)
  -------------------------------------------------------------------    -------------------
                         (clock sys_clk rise edge)    0.000     0.000 r  
    K21                                               0.000     0.000 r  clk (IN)
                         net (fo=0)                   0.000     0.000    pll_clk.u_clk_pll/inst/clk_in1
    K21                  IBUF (Prop_ibuf_I_O)         1.393     1.393 r  pll_clk.u_clk_pll/inst/clkin1_ibufg/O
                         net (fo=1, routed)           1.181     2.573    pll_clk.u_clk_pll/inst/clk_in1_clk_pll
    PLLE2_ADV_X0Y3       PLLE2_ADV (Prop_plle2_adv_CLKIN1_CLKOUT1)
                                                     -8.248    -5.674 r  pll_clk.u_clk_pll/inst/plle2_adv_inst/CLKOUT1
                         net (fo=1, routed)           1.755    -3.919    pll_clk.u_clk_pll/inst/sys_clk_clk_pll
    BUFGCTRL_X0Y16       BUFG (Prop_bufg_I_O)         0.091    -3.828 r  pll_clk.u_clk_pll/inst/clkout2_buf/O
                         net (fo=15174, routed)       1.529    -2.299    u_lsme_lacc_cdc/sys_clk
    SLICE_X86Y107        FDRE                                         r  u_lsme_lacc_cdc/dst_rsp_payload_reg[21]/C
  -------------------------------------------------------------------    -------------------
    SLICE_X86Y107        FDRE (Prop_fdre_C_Q)         0.367    -1.932 r  u_lsme_lacc_cdc/dst_rsp_payload_reg[21]/Q
                         net (fo=1, routed)           0.248    -1.684    u_lsme_lacc_cdc/dst_rsp_payload[21]
    SLICE_X87Y108        FDRE                                         r  u_lsme_lacc_cdc/src_rsp_data_sync1_reg[21]/D
  -------------------------------------------------------------------    -------------------

                         (clock cpu_clk rise edge)    0.000     0.000 r  
    K21                                               0.000     0.000 r  clk (IN)
                         net (fo=0)                   0.000     0.000    pll_clk.u_clk_pll/inst/clk_in1
    K21                  IBUF (Prop_ibuf_I_O)         1.463     1.463 r  pll_clk.u_clk_pll/inst/clkin1_ibufg/O
                         net (fo=1, routed)           1.253     2.716    pll_clk.u_clk_pll/inst/clk_in1_clk_pll
    PLLE2_ADV_X0Y3       PLLE2_ADV (Prop_plle2_adv_CLKIN1_CLKOUT0)
                                                     -8.991    -6.275 r  pll_clk.u_clk_pll/inst/plle2_adv_inst/CLKOUT0
                         net (fo=1, routed)           1.837    -4.438    pll_clk.u_clk_pll/inst/cpu_clk_clk_pll
    BUFGCTRL_X0Y17       BUFG (Prop_bufg_I_O)         0.096    -4.342 r  pll_clk.u_clk_pll/inst/clkout1_buf/O
                         net (fo=6595, routed)        1.649    -2.693    u_lsme_lacc_cdc/cpu_clk
    SLICE_X87Y108        FDRE                                         r  u_lsme_lacc_cdc/src_rsp_data_sync1_reg[21]/C





--------------------------------------------------------------------------------------
Path Group:  (none)
From Clock:  cpu_clk
  To Clock:  sys_clk

Max Delay           206 Endpoints
Min Delay           206 Endpoints
--------------------------------------------------------------------------------------


Max Delay Paths
--------------------------------------------------------------------------------------
Slack:                    inf
  Source:                 pll_clk.u_rst_cpu/delay_reg[1]/C
                            (rising edge-triggered cell FDCE clocked by cpu_clk  {rise@0.000ns fall@15.161ns period=30.323ns})
  Destination:            u_Axi_CDC/awFifo/bufferCC_12/buffers_0_reg/CLR
                            (recovery check against rising-edge clock sys_clk  {rise@0.000ns fall@10.000ns period=20.000ns})
  Path Group:             (none)
  Path Type:              Recovery (Max at Slow Process Corner)
  Data Path Delay:        7.402ns  (logic 0.642ns (8.674%)  route 6.760ns (91.326%))
  Logic Levels:           1  (LUT1=1)
  Clock Path Skew:        0.278ns (DCD - SCD + CPR)
    Destination Clock Delay (DCD):    -2.306ns
    Source Clock Delay      (SCD):    -2.584ns
    Clock Pessimism Removal (CPR):    0.000ns
  Clock Uncertainty:      0.194ns  ((TSJ^2 + DJ^2)^1/2) / 2 + PE
    Total System Jitter     (TSJ):    0.071ns
    Discrete Jitter          (DJ):    0.130ns
    Phase Error              (PE):    0.120ns
  Timing Exception:       Asynchronous Clock Groups

    Location             Delay type                Incr(ns)  Path(ns)    Netlist Resource(s)
  -------------------------------------------------------------------    -------------------
                         (clock cpu_clk rise edge)    0.000     0.000 r  
    K21                                               0.000     0.000 r  clk (IN)
                         net (fo=0)                   0.000     0.000    pll_clk.u_clk_pll/inst/clk_in1
    K21                  IBUF (Prop_ibuf_I_O)         1.463     1.463 r  pll_clk.u_clk_pll/inst/clkin1_ibufg/O
                         net (fo=1, routed)           1.253     2.716    pll_clk.u_clk_pll/inst/clk_in1_clk_pll
    PLLE2_ADV_X0Y3       PLLE2_ADV (Prop_plle2_adv_CLKIN1_CLKOUT0)
                                                     -8.991    -6.275 r  pll_clk.u_clk_pll/inst/plle2_adv_inst/CLKOUT0
                         net (fo=1, routed)           1.837    -4.438    pll_clk.u_clk_pll/inst/cpu_clk_clk_pll
    BUFGCTRL_X0Y17       BUFG (Prop_bufg_I_O)         0.096    -4.342 r  pll_clk.u_clk_pll/inst/clkout1_buf/O
                         net (fo=6595, routed)        1.758    -2.584    pll_clk.u_rst_cpu/cpu_clk
    SLICE_X144Y100       FDCE                                         r  pll_clk.u_rst_cpu/delay_reg[1]/C
  -------------------------------------------------------------------    -------------------
    SLICE_X144Y100       FDCE (Prop_fdce_C_Q)         0.518    -2.066 r  pll_clk.u_rst_cpu/delay_reg[1]/Q
                         net (fo=2, routed)           1.246    -0.820    pll_clk.u_rst_cpu/Q[0]
    SLICE_X133Y100       LUT1 (Prop_lut1_I0_O)        0.124    -0.696 f  pll_clk.u_rst_cpu/reset_i_1/O
                         net (fo=204, routed)         5.514     4.818    u_Axi_CDC/awFifo/bufferCC_12/p_0_in
    SLICE_X83Y103        FDCE                                         f  u_Axi_CDC/awFifo/bufferCC_12/buffers_0_reg/CLR
  -------------------------------------------------------------------    -------------------

                         (clock sys_clk rise edge)    0.000     0.000 r  
    K21                                               0.000     0.000 r  clk (IN)
                         net (fo=0)                   0.000     0.000    pll_clk.u_clk_pll/inst/clk_in1
    K21                  IBUF (Prop_ibuf_I_O)         1.393     1.393 r  pll_clk.u_clk_pll/inst/clkin1_ibufg/O
                         net (fo=1, routed)           1.181     2.573    pll_clk.u_clk_pll/inst/clk_in1_clk_pll
    PLLE2_ADV_X0Y3       PLLE2_ADV (Prop_plle2_adv_CLKIN1_CLKOUT1)
                                                     -8.248    -5.674 r  pll_clk.u_clk_pll/inst/plle2_adv_inst/CLKOUT1
                         net (fo=1, routed)           1.755    -3.919    pll_clk.u_clk_pll/inst/sys_clk_clk_pll
    BUFGCTRL_X0Y16       BUFG (Prop_bufg_I_O)         0.091    -3.828 r  pll_clk.u_clk_pll/inst/clkout2_buf/O
                         net (fo=15174, routed)       1.522    -2.306    u_Axi_CDC/awFifo/bufferCC_12/sys_clk
    SLICE_X83Y103        FDCE                                         r  u_Axi_CDC/awFifo/bufferCC_12/buffers_0_reg/C





Min Delay Paths
--------------------------------------------------------------------------------------
Slack:                    inf
  Source:                 u_lsme_lacc_cdc/src_payload_reg[52]/C
                            (rising edge-triggered cell FDRE clocked by cpu_clk  {rise@0.000ns fall@15.161ns period=30.323ns})
  Destination:            u_lsme_lacc_cdc/dst_payload_sync1_reg[52]/D
                            (rising edge-triggered cell FDRE clocked by sys_clk  {rise@0.000ns fall@10.000ns period=20.000ns})
  Path Group:             (none)
  Path Type:              Hold (Min at Slow Process Corner)
  Data Path Delay:        0.499ns  (logic 0.367ns (73.554%)  route 0.132ns (26.446%))
  Logic Levels:           0  
  Clock Path Skew:        -0.394ns (DCD - SCD - CPR)
    Destination Clock Delay (DCD):    -2.701ns
    Source Clock Delay      (SCD):    -2.307ns
    Clock Pessimism Removal (CPR):    -0.000ns
  Clock Uncertainty:      0.194ns  ((TSJ^2 + DJ^2)^1/2) / 2 + PE
    Total System Jitter     (TSJ):    0.071ns
    Discrete Jitter          (DJ):    0.130ns
    Phase Error              (PE):    0.120ns
  Timing Exception:       Asynchronous Clock Groups

    Location             Delay type                Incr(ns)  Path(ns)    Netlist Resource(s)
  -------------------------------------------------------------------    -------------------
                         (clock cpu_clk rise edge)    0.000     0.000 r  
    K21                                               0.000     0.000 r  clk (IN)
                         net (fo=0)                   0.000     0.000    pll_clk.u_clk_pll/inst/clk_in1
    K21                  IBUF (Prop_ibuf_I_O)         1.393     1.393 r  pll_clk.u_clk_pll/inst/clkin1_ibufg/O
                         net (fo=1, routed)           1.181     2.573    pll_clk.u_clk_pll/inst/clk_in1_clk_pll
    PLLE2_ADV_X0Y3       PLLE2_ADV (Prop_plle2_adv_CLKIN1_CLKOUT0)
                                                     -8.248    -5.674 r  pll_clk.u_clk_pll/inst/plle2_adv_inst/CLKOUT0
                         net (fo=1, routed)           1.755    -3.919    pll_clk.u_clk_pll/inst/cpu_clk_clk_pll
    BUFGCTRL_X0Y17       BUFG (Prop_bufg_I_O)         0.091    -3.828 r  pll_clk.u_clk_pll/inst/clkout1_buf/O
                         net (fo=6595, routed)        1.521    -2.307    u_lsme_lacc_cdc/cpu_clk
    SLICE_X82Y107        FDRE                                         r  u_lsme_lacc_cdc/src_payload_reg[52]/C
  -------------------------------------------------------------------    -------------------
    SLICE_X82Y107        FDRE (Prop_fdre_C_Q)         0.367    -1.940 r  u_lsme_lacc_cdc/src_payload_reg[52]/Q
                         net (fo=1, routed)           0.132    -1.808    u_lsme_lacc_cdc/src_payload[52]
    SLICE_X83Y107        FDRE                                         r  u_lsme_lacc_cdc/dst_payload_sync1_reg[52]/D
  -------------------------------------------------------------------    -------------------

                         (clock sys_clk rise edge)    0.000     0.000 r  
    K21                                               0.000     0.000 r  clk (IN)
                         net (fo=0)                   0.000     0.000    pll_clk.u_clk_pll/inst/clk_in1
    K21                  IBUF (Prop_ibuf_I_O)         1.463     1.463 r  pll_clk.u_clk_pll/inst/clkin1_ibufg/O
                         net (fo=1, routed)           1.253     2.716    pll_clk.u_clk_pll/inst/clk_in1_clk_pll
    PLLE2_ADV_X0Y3       PLLE2_ADV (Prop_plle2_adv_CLKIN1_CLKOUT1)
                                                     -8.991    -6.275 r  pll_clk.u_clk_pll/inst/plle2_adv_inst/CLKOUT1
                         net (fo=1, routed)           1.837    -4.438    pll_clk.u_clk_pll/inst/sys_clk_clk_pll
    BUFGCTRL_X0Y16       BUFG (Prop_bufg_I_O)         0.096    -4.342 r  pll_clk.u_clk_pll/inst/clkout2_buf/O
                         net (fo=15174, routed)       1.641    -2.701    u_lsme_lacc_cdc/sys_clk
    SLICE_X83Y107        FDRE                                         r  u_lsme_lacc_cdc/dst_payload_sync1_reg[52]/C





--------------------------------------------------------------------------------------
Path Group:  (none)
From Clock:  sys_clk
  To Clock:  

Max Delay            46 Endpoints
Min Delay            46 Endpoints
--------------------------------------------------------------------------------------


Max Delay Paths
--------------------------------------------------------------------------------------
Slack:                    inf
  Source:                 u_axi_dvi/xai_accuracy_reg[23]/C
                            (rising edge-triggered cell FDRE clocked by sys_clk  {rise@0.000ns fall@10.000ns period=20.000ns})
  Destination:            video_green[1]
                            (output port)
  Path Group:             (none)
  Path Type:              Max at Slow Process Corner
  Data Path Delay:        57.874ns  (logic 16.624ns (28.725%)  route 41.250ns (71.275%))
  Logic Levels:           49  (CARRY4=22 LUT2=2 LUT3=5 LUT4=3 LUT5=3 LUT6=13 OBUF=1)
  Clock Uncertainty:      0.190ns  ((TSJ^2 + DJ^2)^1/2) / 2 + PE
    Total System Jitter     (TSJ):    0.050ns
    Discrete Jitter          (DJ):    0.122ns
    Phase Error              (PE):    0.124ns

    Location             Delay type                Incr(ns)  Path(ns)    Netlist Resource(s)
  -------------------------------------------------------------------    -------------------
                         (clock sys_clk rise edge)    0.000     0.000 r  
    K21                                               0.000     0.000 r  clk (IN)
                         net (fo=0)                   0.000     0.000    pll_clk.u_clk_pll/inst/clk_in1
    K21                  IBUF (Prop_ibuf_I_O)         1.463     1.463 r  pll_clk.u_clk_pll/inst/clkin1_ibufg/O
                         net (fo=1, routed)           1.253     2.716    pll_clk.u_clk_pll/inst/clk_in1_clk_pll
    PLLE2_ADV_X0Y3       PLLE2_ADV (Prop_plle2_adv_CLKIN1_CLKOUT1)
                                                     -8.991    -6.275 r  pll_clk.u_clk_pll/inst/plle2_adv_inst/CLKOUT1
                         net (fo=1, routed)           1.837    -4.438    pll_clk.u_clk_pll/inst/sys_clk_clk_pll
    BUFGCTRL_X0Y16       BUFG (Prop_bufg_I_O)         0.096    -4.342 r  pll_clk.u_clk_pll/inst/clkout2_buf/O
                         net (fo=15174, routed)       1.669    -2.673    u_axi_dvi/sys_clk
    SLICE_X47Y113        FDRE                                         r  u_axi_dvi/xai_accuracy_reg[23]/C
  -------------------------------------------------------------------    -------------------
    SLICE_X47Y113        FDRE (Prop_fdre_C_Q)         0.456    -2.217 f  u_axi_dvi/xai_accuracy_reg[23]/Q
                         net (fo=109, routed)         5.590     3.374    u_axi_dvi/xai_accuracy[23]
    SLICE_X57Y133        LUT3 (Prop_lut3_I0_O)        0.150     3.524 r  u_axi_dvi/video_green_OBUF[2]_inst_i_2583/O
                         net (fo=3, routed)           0.707     4.230    u_axi_dvi/video_green_OBUF[2]_inst_i_2583_n_0
    SLICE_X53Y127        CARRY4 (Prop_carry4_DI[0]_CO[3])
                                                      0.728     4.958 r  u_axi_dvi/video_green_OBUF[2]_inst_i_2265/CO[3]
                         net (fo=1, routed)           0.000     4.958    u_axi_dvi/video_green_OBUF[2]_inst_i_2265_n_0
    SLICE_X53Y128        CARRY4 (Prop_carry4_CI_CO[3])
                                                      0.114     5.072 r  u_axi_dvi/video_green_OBUF[2]_inst_i_2226/CO[3]
                         net (fo=1, routed)           0.000     5.072    u_axi_dvi/video_green_OBUF[2]_inst_i_2226_n_0
    SLICE_X53Y129        CARRY4 (Prop_carry4_CI_CO[3])
                                                      0.114     5.186 f  u_axi_dvi/video_green_OBUF[2]_inst_i_2221/CO[3]
                         net (fo=36, routed)          1.815     7.002    u_axi_dvi/video_green_OBUF[2]_inst_i_2221_n_0
    SLICE_X57Y132        LUT3 (Prop_lut3_I2_O)        0.154     7.156 r  u_axi_dvi/video_green_OBUF[2]_inst_i_2914/O
                         net (fo=2, routed)           0.805     7.961    u_axi_dvi/video_green_OBUF[2]_inst_i_2914_n_0
    SLICE_X54Y132        LUT4 (Prop_lut4_I3_O)        0.327     8.288 r  u_axi_dvi/video_green_OBUF[2]_inst_i_2918/O
                         net (fo=1, routed)           0.000     8.288    u_axi_dvi/video_green_OBUF[2]_inst_i_2918_n_0
    SLICE_X54Y132        CARRY4 (Prop_carry4_S[1]_CO[3])
                                                      0.550     8.838 r  u_axi_dvi/video_green_OBUF[2]_inst_i_2579/CO[3]
                         net (fo=1, routed)           0.000     8.838    u_axi_dvi/video_green_OBUF[2]_inst_i_2579_n_0
    SLICE_X54Y133        CARRY4 (Prop_carry4_CI_O[0])
                                                      0.222     9.060 r  u_axi_dvi/video_green_OBUF[2]_inst_i_2197/O[0]
                         net (fo=2, routed)           0.961    10.021    u_axi_dvi/video_green_OBUF[2]_inst_i_2197_n_7
    SLICE_X53Y134        LUT3 (Prop_lut3_I0_O)        0.299    10.320 r  u_axi_dvi/video_green_OBUF[2]_inst_i_2190/O
                         net (fo=2, routed)           0.811    11.131    u_axi_dvi/video_green_OBUF[2]_inst_i_2190_n_0
    SLICE_X52Y133        LUT4 (Prop_lut4_I3_O)        0.124    11.255 r  u_axi_dvi/video_green_OBUF[2]_inst_i_2194/O
                         net (fo=1, routed)           0.000    11.255    u_axi_dvi/video_green_OBUF[2]_inst_i_2194_n_0
    SLICE_X52Y133        CARRY4 (Prop_carry4_S[1]_CO[3])
                                                      0.533    11.788 r  u_axi_dvi/video_green_OBUF[2]_inst_i_1700/CO[3]
                         net (fo=1, routed)           0.000    11.788    u_axi_dvi/video_green_OBUF[2]_inst_i_1700_n_0
    SLICE_X52Y134        CARRY4 (Prop_carry4_CI_O[1])
                                                      0.323    12.111 r  u_axi_dvi/video_green_OBUF[2]_inst_i_1276/O[1]
                         net (fo=7, routed)           1.023    13.134    u_axi_dvi/video_green_OBUF[2]_inst_i_1276_n_6
    SLICE_X50Y134        LUT2 (Prop_lut2_I0_O)        0.306    13.440 r  u_axi_dvi/video_green_OBUF[2]_inst_i_1695/O
                         net (fo=1, routed)           0.000    13.440    u_axi_dvi/video_green_OBUF[2]_inst_i_1695_n_0
    SLICE_X50Y134        CARRY4 (Prop_carry4_S[0]_CO[3])
                                                      0.532    13.972 r  u_axi_dvi/video_green_OBUF[2]_inst_i_1270/CO[3]
                         net (fo=1, routed)           0.000    13.972    u_axi_dvi/video_green_OBUF[2]_inst_i_1270_n_0
    SLICE_X50Y135        CARRY4 (Prop_carry4_CI_O[3])
                                                      0.313    14.285 r  u_axi_dvi/video_green_OBUF[2]_inst_i_971/O[3]
                         net (fo=3, routed)           1.112    15.396    u_axi_dvi/video_green_OBUF[2]_inst_i_971_n_4
    SLICE_X49Y136        LUT4 (Prop_lut4_I1_O)        0.306    15.702 r  u_axi_dvi/video_green_OBUF[2]_inst_i_978/O
                         net (fo=1, routed)           0.000    15.702    u_axi_dvi/video_green_OBUF[2]_inst_i_978_n_0
    SLICE_X49Y136        CARRY4 (Prop_carry4_S[0]_CO[1])
                                                      0.457    16.159 r  u_axi_dvi/video_green_OBUF[2]_inst_i_748/CO[1]
                         net (fo=44, routed)          2.410    18.569    u_axi_dvi/video_green_OBUF[2]_inst_i_748_n_2
    SLICE_X49Y144        LUT3 (Prop_lut3_I0_O)        0.329    18.898 r  u_axi_dvi/video_green_OBUF[2]_inst_i_2313/O
                         net (fo=152, routed)         2.864    21.761    u_axi_dvi/video_green_OBUF[2]_inst_i_2313_n_0
    SLICE_X48Y136        LUT6 (Prop_lut6_I1_O)        0.124    21.885 r  u_axi_dvi/video_green_OBUF[2]_inst_i_2290/O
                         net (fo=4, routed)           0.970    22.855    u_axi_dvi/video_green_OBUF[2]_inst_i_2290_n_0
    SLICE_X46Y136        LUT6 (Prop_lut6_I0_O)        0.124    22.979 r  u_axi_dvi/video_green_OBUF[2]_inst_i_3152/O
                         net (fo=1, routed)           0.000    22.979    u_axi_dvi/video_green_OBUF[2]_inst_i_3152_n_0
    SLICE_X46Y136        CARRY4 (Prop_carry4_S[3]_CO[3])
                                                      0.376    23.355 r  u_axi_dvi/video_green_OBUF[2]_inst_i_2972/CO[3]
                         net (fo=1, routed)           0.000    23.355    u_axi_dvi/video_green_OBUF[2]_inst_i_2972_n_0
    SLICE_X46Y137        CARRY4 (Prop_carry4_CI_CO[3])
                                                      0.117    23.472 r  u_axi_dvi/video_green_OBUF[2]_inst_i_2698/CO[3]
                         net (fo=1, routed)           0.000    23.472    u_axi_dvi/video_green_OBUF[2]_inst_i_2698_n_0
    SLICE_X46Y138        CARRY4 (Prop_carry4_CI_CO[3])
                                                      0.117    23.589 r  u_axi_dvi/video_green_OBUF[2]_inst_i_2275/CO[3]
                         net (fo=1, routed)           0.000    23.589    u_axi_dvi/video_green_OBUF[2]_inst_i_2275_n_0
    SLICE_X46Y139        CARRY4 (Prop_carry4_CI_CO[3])
                                                      0.117    23.706 r  u_axi_dvi/video_green_OBUF[2]_inst_i_1818/CO[3]
                         net (fo=1, routed)           0.000    23.706    u_axi_dvi/video_green_OBUF[2]_inst_i_1818_n_0
    SLICE_X46Y140        CARRY4 (Prop_carry4_CI_O[2])
                                                      0.239    23.945 r  u_axi_dvi/video_green_OBUF[2]_inst_i_2314/O[2]
                         net (fo=3, routed)           0.838    24.783    u_axi_dvi/video_green_OBUF[2]_inst_i_2314_n_5
    SLICE_X50Y140        LUT6 (Prop_lut6_I5_O)        0.301    25.084 r  u_axi_dvi/video_green_OBUF[2]_inst_i_1828/O
                         net (fo=2, routed)           0.670    25.753    u_axi_dvi/video_green_OBUF[2]_inst_i_1828_n_0
    SLICE_X49Y140        LUT6 (Prop_lut6_I0_O)        0.124    25.877 r  u_axi_dvi/video_green_OBUF[2]_inst_i_1831/O
                         net (fo=1, routed)           0.000    25.877    u_axi_dvi/video_green_OBUF[2]_inst_i_1831_n_0
    SLICE_X49Y140        CARRY4 (Prop_carry4_S[3]_CO[3])
                                                      0.401    26.278 r  u_axi_dvi/video_green_OBUF[2]_inst_i_1326/CO[3]
                         net (fo=1, routed)           0.000    26.278    u_axi_dvi/video_green_OBUF[2]_inst_i_1326_n_0
    SLICE_X49Y141        CARRY4 (Prop_carry4_CI_O[0])
                                                      0.222    26.500 r  u_axi_dvi/video_green_OBUF[2]_inst_i_1338/O[0]
                         net (fo=4, routed)           1.479    27.979    u_axi_dvi/video_green_OBUF[2]_inst_i_1338_n_7
    SLICE_X45Y143        LUT3 (Prop_lut3_I2_O)        0.299    28.278 r  u_axi_dvi/video_green_OBUF[2]_inst_i_1330/O
                         net (fo=1, routed)           0.795    29.073    u_axi_dvi/video_green_OBUF[2]_inst_i_1330_n_0
    SLICE_X43Y140        LUT5 (Prop_lut5_I4_O)        0.124    29.197 r  u_axi_dvi/video_green_OBUF[2]_inst_i_1001/O
                         net (fo=2, routed)           0.654    29.852    u_axi_dvi/video_green_OBUF[2]_inst_i_1001_n_0
    SLICE_X45Y140        LUT6 (Prop_lut6_I0_O)        0.124    29.976 r  u_axi_dvi/video_green_OBUF[2]_inst_i_1005/O
                         net (fo=1, routed)           0.000    29.976    u_axi_dvi/video_green_OBUF[2]_inst_i_1005_n_0
    SLICE_X45Y140        CARRY4 (Prop_carry4_S[3]_CO[3])
                                                      0.401    30.377 r  u_axi_dvi/video_green_OBUF[2]_inst_i_753/CO[3]
                         net (fo=1, routed)           0.000    30.377    u_axi_dvi/video_green_OBUF[2]_inst_i_753_n_0
    SLICE_X45Y141        CARRY4 (Prop_carry4_CI_O[0])
                                                      0.222    30.599 r  u_axi_dvi/video_green_OBUF[2]_inst_i_987/O[0]
                         net (fo=2, routed)           0.514    31.112    u_axi_dvi/video_green_OBUF[2]_inst_i_987_n_7
    SLICE_X43Y141        CARRY4 (Prop_carry4_S[0]_O[1])
                                                      0.723    31.835 r  u_axi_dvi/video_green_OBUF[2]_inst_i_750/O[1]
                         net (fo=1, routed)           1.163    32.999    u_axi_dvi/video_green_OBUF[2]_inst_i_750_n_6
    SLICE_X49Y138        LUT6 (Prop_lut6_I5_O)        0.303    33.302 r  u_axi_dvi/video_green_OBUF[2]_inst_i_584/O
                         net (fo=1, routed)           0.000    33.302    u_axi_dvi/video_green_OBUF[2]_inst_i_584_n_0
    SLICE_X49Y138        CARRY4 (Prop_carry4_S[3]_CO[3])
                                                      0.401    33.703 r  u_axi_dvi/video_green_OBUF[2]_inst_i_427/CO[3]
                         net (fo=1, routed)           0.000    33.703    u_axi_dvi/video_green_OBUF[2]_inst_i_427_n_0
    SLICE_X49Y139        CARRY4 (Prop_carry4_CI_O[0])
                                                      0.222    33.925 r  u_axi_dvi/video_green_OBUF[2]_inst_i_426/O[0]
                         net (fo=3, routed)           0.875    34.800    u_axi_dvi/video_green_OBUF[2]_inst_i_426_n_7
    SLICE_X51Y138        LUT6 (Prop_lut6_I5_O)        0.299    35.099 f  u_axi_dvi/video_green_OBUF[2]_inst_i_506/O
                         net (fo=1, routed)           0.745    35.843    u_axi_dvi/video_green_OBUF[2]_inst_i_506_n_0
    SLICE_X56Y134        LUT6 (Prop_lut6_I2_O)        0.124    35.967 f  u_axi_dvi/video_green_OBUF[2]_inst_i_337/O
                         net (fo=1, routed)           0.493    36.461    u_axi_dvi/video_green_OBUF[2]_inst_i_337_n_0
    SLICE_X57Y134        LUT6 (Prop_lut6_I0_O)        0.124    36.585 f  u_axi_dvi/video_green_OBUF[2]_inst_i_154/O
                         net (fo=1, routed)           1.575    38.159    u_axi_dvi/video_green_OBUF[2]_inst_i_154_n_0
    SLICE_X47Y118        LUT6 (Prop_lut6_I3_O)        0.124    38.283 f  u_axi_dvi/video_green_OBUF[2]_inst_i_57/O
                         net (fo=52, routed)          2.963    41.246    u_axi_dvi/video_green_OBUF[2]_inst_i_57_n_0
    SLICE_X13Y122        LUT2 (Prop_lut2_I1_O)        0.152    41.398 f  u_axi_dvi/video_green_OBUF[2]_inst_i_185/O
                         net (fo=3, routed)           1.109    42.507    u_axi_dvi/video_green_OBUF[2]_inst_i_185_n_0
    SLICE_X16Y120        LUT5 (Prop_lut5_I3_O)        0.326    42.833 r  u_axi_dvi/video_green_OBUF[2]_inst_i_94/O
                         net (fo=1, routed)           0.872    43.705    u_axi_dvi/video_green_OBUF[2]_inst_i_94_n_0
    SLICE_X17Y120        LUT6 (Prop_lut6_I3_O)        0.124    43.829 r  u_axi_dvi/video_green_OBUF[2]_inst_i_35/O
                         net (fo=1, routed)           0.815    44.644    u_axi_dvi/video_green_OBUF[2]_inst_i_35_n_0
    SLICE_X19Y121        LUT6 (Prop_lut6_I2_O)        0.124    44.768 f  u_axi_dvi/video_green_OBUF[2]_inst_i_11/O
                         net (fo=1, routed)           0.677    45.445    u_axi_dvi/video_green_OBUF[2]_inst_i_11_n_0
    SLICE_X20Y121        LUT6 (Prop_lut6_I3_O)        0.124    45.569 f  u_axi_dvi/video_green_OBUF[2]_inst_i_3/O
                         net (fo=5, routed)           1.866    47.436    u_axi_dvi/video_green_OBUF[2]_inst_i_3_n_0
    SLICE_X36Y119        LUT5 (Prop_lut5_I2_O)        0.124    47.560 r  u_axi_dvi/video_green_OBUF[1]_inst_i_1/O
                         net (fo=1, routed)           4.080    51.640    video_green_OBUF[1]
    E23                  OBUF (Prop_obuf_I_O)         3.561    55.201 r  video_green_OBUF[1]_inst/O
                         net (fo=0)                   0.000    55.201    video_green[1]
    E23                                                               r  video_green[1] (OUT)
  -------------------------------------------------------------------    -------------------





Min Delay Paths
--------------------------------------------------------------------------------------
Slack:                    inf
  Source:                 pll_clk.u_clk_pll/inst/plle2_adv_inst/CLKOUT1
                            (clock source 'sys_clk'  {rise@0.000ns fall@10.000ns period=20.000ns})
  Destination:            video_clk
                            (output port)
  Path Group:             (none)
  Path Type:              Min at Fast Process Corner
  Data Path Delay:        2.614ns  (logic 1.260ns (48.196%)  route 1.354ns (51.804%))
  Logic Levels:           2  (BUFG=1 OBUF=1)
  Clock Uncertainty:      0.190ns  ((TSJ^2 + DJ^2)^1/2) / 2 + PE
    Total System Jitter     (TSJ):    0.050ns
    Discrete Jitter          (DJ):    0.122ns
    Phase Error              (PE):    0.124ns

    Location             Delay type                Incr(ns)  Path(ns)    Netlist Resource(s)
  -------------------------------------------------------------------    -------------------
                         (clock sys_clk rise edge)    0.000     0.000 r  
    K21                                               0.000     0.000 r  clk (IN)
                         net (fo=0)                   0.000     0.000    pll_clk.u_clk_pll/inst/clk_in1
    K21                  IBUF (Prop_ibuf_I_O)         0.231     0.231 r  pll_clk.u_clk_pll/inst/clkin1_ibufg/O
                         net (fo=1, routed)           0.440     0.671    pll_clk.u_clk_pll/inst/clk_in1_clk_pll
  -------------------------------------------------------------------    -------------------
    PLLE2_ADV_X0Y3       PLLE2_ADV (Prop_plle2_adv_CLKIN1_CLKOUT1)
                                                     -2.520    -1.848 r  pll_clk.u_clk_pll/inst/plle2_adv_inst/CLKOUT1
                         net (fo=1, routed)           0.560    -1.289    pll_clk.u_clk_pll/inst/sys_clk_clk_pll
    BUFGCTRL_X0Y16       BUFG (Prop_bufg_I_O)         0.026    -1.263 r  pll_clk.u_clk_pll/inst/clkout2_buf/O
                         net (fo=15174, routed)       0.794    -0.468    video_clk_OBUF
    H22                  OBUF (Prop_obuf_I_O)         1.234     0.766 r  video_clk_OBUF_inst/O
                         net (fo=0)                   0.000     0.766    video_clk
    H22                                                               r  video_clk (OUT)
  -------------------------------------------------------------------    -------------------





--------------------------------------------------------------------------------------
Path Group:  (none)
From Clock:  
  To Clock:  cpu_clk

Max Delay             1 Endpoint
Min Delay             1 Endpoint
--------------------------------------------------------------------------------------


Max Delay Paths
--------------------------------------------------------------------------------------
Slack:                    inf
  Source:                 touch_btn[2]
                            (input port)
  Destination:            u_cpu/u_csr/csr_estat_reg[2]/D
                            (rising edge-triggered cell FDRE clocked by cpu_clk  {rise@0.000ns fall@15.161ns period=30.323ns})
  Path Group:             (none)
  Path Type:              Setup (Max at Slow Process Corner)
  Data Path Delay:        7.729ns  (logic 2.216ns (28.669%)  route 5.513ns (71.331%))
  Logic Levels:           5  (IBUF=1 LUT4=2 LUT6=2)
  Clock Path Skew:        -2.091ns (DCD - SCD + CPR)
    Destination Clock Delay (DCD):    -2.091ns
    Source Clock Delay      (SCD):    0.000ns
    Clock Pessimism Removal (CPR):    0.000ns
  Clock Uncertainty:      0.193ns  ((TSJ^2 + DJ^2)^1/2) / 2 + PE
    Total System Jitter     (TSJ):    0.050ns
    Discrete Jitter          (DJ):    0.130ns
    Phase Error              (PE):    0.124ns

    Location             Delay type                Incr(ns)  Path(ns)    Netlist Resource(s)
  -------------------------------------------------------------------    -------------------
    P3                                                0.000     0.000 r  touch_btn[2] (IN)
                         net (fo=0)                   0.000     0.000    touch_btn[2]
    P3                   IBUF (Prop_ibuf_I_O)         1.487     1.487 r  touch_btn_IBUF[2]_inst/O
                         net (fo=3, routed)           3.493     4.980    u_confreg/confreg_int_raw_d_reg[3]_0[2]
    SLICE_X134Y79        LUT4 (Prop_lut4_I3_O)        0.154     5.134 r  u_confreg/s_rdata[2]_i_5__0/O
                         net (fo=2, routed)           0.699     5.833    u_confreg/confreg_int_state[2]
    SLICE_X136Y80        LUT4 (Prop_lut4_I0_O)        0.327     6.160 r  u_confreg/csr_estat[2]_i_10/O
                         net (fo=1, routed)           0.404     6.565    u_confreg/csr_estat[2]_i_10_n_0
    SLICE_X137Y80        LUT6 (Prop_lut6_I0_O)        0.124     6.689 r  u_confreg/csr_estat[2]_i_3/O
                         net (fo=1, routed)           0.916     7.605    u_confreg/csr_estat[2]_i_3_n_0
    SLICE_X137Y89        LUT6 (Prop_lut6_I1_O)        0.124     7.729 r  u_confreg/csr_estat[2]_i_1/O
                         net (fo=1, routed)           0.000     7.729    u_cpu/u_csr/csr_estat_reg[2]_1
    SLICE_X137Y89        FDRE                                         r  u_cpu/u_csr/csr_estat_reg[2]/D
  -------------------------------------------------------------------    -------------------

                         (clock cpu_clk rise edge)    0.000     0.000 r  
    K21                                               0.000     0.000 r  clk (IN)
                         net (fo=0)                   0.000     0.000    pll_clk.u_clk_pll/inst/clk_in1
    K21                  IBUF (Prop_ibuf_I_O)         1.393     1.393 r  pll_clk.u_clk_pll/inst/clkin1_ibufg/O
                         net (fo=1, routed)           1.181     2.573    pll_clk.u_clk_pll/inst/clk_in1_clk_pll
    PLLE2_ADV_X0Y3       PLLE2_ADV (Prop_plle2_adv_CLKIN1_CLKOUT0)
                                                     -8.248    -5.674 r  pll_clk.u_clk_pll/inst/plle2_adv_inst/CLKOUT0
                         net (fo=1, routed)           1.755    -3.919    pll_clk.u_clk_pll/inst/cpu_clk_clk_pll
    BUFGCTRL_X0Y17       BUFG (Prop_bufg_I_O)         0.091    -3.828 r  pll_clk.u_clk_pll/inst/clkout1_buf/O
                         net (fo=6595, routed)        1.737    -2.091    u_cpu/u_csr/cpu_clk
    SLICE_X137Y89        FDRE                                         r  u_cpu/u_csr/csr_estat_reg[2]/C





Min Delay Paths
--------------------------------------------------------------------------------------
Slack:                    inf
  Source:                 touch_btn[1]
                            (input port)
  Destination:            u_cpu/u_csr/csr_estat_reg[2]/D
                            (rising edge-triggered cell FDRE clocked by cpu_clk  {rise@0.000ns fall@15.161ns period=30.323ns})
  Path Group:             (none)
  Path Type:              Hold (Min at Fast Process Corner)
  Data Path Delay:        2.589ns  (logic 0.418ns (16.128%)  route 2.171ns (83.872%))
  Logic Levels:           4  (IBUF=1 LUT5=1 LUT6=2)
  Clock Path Skew:        -0.372ns (DCD - SCD - CPR)
    Destination Clock Delay (DCD):    -0.372ns
    Source Clock Delay      (SCD):    0.000ns
    Clock Pessimism Removal (CPR):    -0.000ns

    Location             Delay type                Incr(ns)  Path(ns)    Netlist Resource(s)
  -------------------------------------------------------------------    -------------------
    M1                                                0.000     0.000 r  touch_btn[1] (IN)
                         net (fo=0)                   0.000     0.000    touch_btn[1]
    M1                   IBUF (Prop_ibuf_I_O)         0.283     0.283 r  touch_btn_IBUF[1]_inst/O
                         net (fo=4, routed)           1.504     1.787    u_confreg/confreg_int_raw_d_reg[3]_0[1]
    SLICE_X135Y79        LUT5 (Prop_lut5_I1_O)        0.045     1.832 r  u_confreg/csr_estat[2]_i_12/O
                         net (fo=1, routed)           0.333     2.165    u_confreg/confreg_int0[1]
    SLICE_X137Y80        LUT6 (Prop_lut6_I3_O)        0.045     2.210 r  u_confreg/csr_estat[2]_i_3/O
                         net (fo=1, routed)           0.334     2.544    u_confreg/csr_estat[2]_i_3_n_0
    SLICE_X137Y89        LUT6 (Prop_lut6_I1_O)        0.045     2.589 r  u_confreg/csr_estat[2]_i_1/O
                         net (fo=1, routed)           0.000     2.589    u_cpu/u_csr/csr_estat_reg[2]_1
    SLICE_X137Y89        FDRE                                         r  u_cpu/u_csr/csr_estat_reg[2]/D
  -------------------------------------------------------------------    -------------------

                         (clock cpu_clk rise edge)    0.000     0.000 r  
    K21                                               0.000     0.000 r  clk (IN)
                         net (fo=0)                   0.000     0.000    pll_clk.u_clk_pll/inst/clk_in1
    K21                  IBUF (Prop_ibuf_I_O)         0.419     0.419 r  pll_clk.u_clk_pll/inst/clkin1_ibufg/O
                         net (fo=1, routed)           0.481     0.900    pll_clk.u_clk_pll/inst/clk_in1_clk_pll
    PLLE2_ADV_X0Y3       PLLE2_ADV (Prop_plle2_adv_CLKIN1_CLKOUT0)
                                                     -2.847    -1.947 r  pll_clk.u_clk_pll/inst/plle2_adv_inst/CLKOUT0
                         net (fo=1, routed)           0.611    -1.337    pll_clk.u_clk_pll/inst/cpu_clk_clk_pll
    BUFGCTRL_X0Y17       BUFG (Prop_bufg_I_O)         0.029    -1.308 r  pll_clk.u_clk_pll/inst/clkout1_buf/O
                         net (fo=6595, routed)        0.936    -0.372    u_cpu/u_csr/cpu_clk
    SLICE_X137Y89        FDRE                                         r  u_cpu/u_csr/csr_estat_reg[2]/C





--------------------------------------------------------------------------------------
Path Group:  (none)
From Clock:  
  To Clock:  sys_clk

Max Delay            47 Endpoints
Min Delay            47 Endpoints
--------------------------------------------------------------------------------------


Max Delay Paths
--------------------------------------------------------------------------------------
Slack:                    inf
  Source:                 UART_TX
                            (input port)
  Destination:            u_axi_uart_controller/uart0/regs/transmitter/error_time_reg[2]/D
                            (rising edge-triggered cell FDRE clocked by sys_clk  {rise@0.000ns fall@10.000ns period=20.000ns})
  Path Group:             (none)
  Path Type:              Setup (Max at Slow Process Corner)
  Data Path Delay:        11.950ns  (logic 1.722ns (14.414%)  route 10.227ns (85.586%))
  Logic Levels:           3  (IBUF=1 LUT3=1 LUT5=1)
  Clock Path Skew:        -2.036ns (DCD - SCD + CPR)
    Destination Clock Delay (DCD):    -2.036ns
    Source Clock Delay      (SCD):    0.000ns
    Clock Pessimism Removal (CPR):    0.000ns
  Clock Uncertainty:      0.190ns  ((TSJ^2 + DJ^2)^1/2) / 2 + PE
    Total System Jitter     (TSJ):    0.050ns
    Discrete Jitter          (DJ):    0.122ns
    Phase Error              (PE):    0.124ns

    Location             Delay type                Incr(ns)  Path(ns)    Netlist Resource(s)
  -------------------------------------------------------------------    -------------------
    H18                                               0.000     0.000 f  UART_TX (INOUT)
                         net (fo=1, unset)            0.000     0.000    UART_TX_IOBUF_inst/IO
    H18                  IBUF (Prop_ibuf_I_O)         1.474     1.474 f  UART_TX_IOBUF_inst/IBUF/O
                         net (fo=5, routed)           9.019    10.493    u_axi_uart_controller/uart0/regs/transmitter/UART_TX_IBUF
    SLICE_X146Y71        LUT3 (Prop_lut3_I0_O)        0.124    10.617 r  u_axi_uart_controller/uart0/regs/transmitter/error_time[2]_i_2/O
                         net (fo=1, routed)           0.640    11.257    u_axi_uart_controller/uart0/regs/transmitter/error_time[2]_i_2_n_0
    SLICE_X146Y69        LUT5 (Prop_lut5_I1_O)        0.124    11.381 r  u_axi_uart_controller/uart0/regs/transmitter/error_time[2]_i_1/O
                         net (fo=1, routed)           0.568    11.950    u_axi_uart_controller/uart0/regs/transmitter/error_time[2]_i_1_n_0
    SLICE_X146Y69        FDRE                                         r  u_axi_uart_controller/uart0/regs/transmitter/error_time_reg[2]/D
  -------------------------------------------------------------------    -------------------

                         (clock sys_clk rise edge)    0.000     0.000 r  
    K21                                               0.000     0.000 r  clk (IN)
                         net (fo=0)                   0.000     0.000    pll_clk.u_clk_pll/inst/clk_in1
    K21                  IBUF (Prop_ibuf_I_O)         1.393     1.393 r  pll_clk.u_clk_pll/inst/clkin1_ibufg/O
                         net (fo=1, routed)           1.181     2.573    pll_clk.u_clk_pll/inst/clk_in1_clk_pll
    PLLE2_ADV_X0Y3       PLLE2_ADV (Prop_plle2_adv_CLKIN1_CLKOUT1)
                                                     -8.248    -5.674 r  pll_clk.u_clk_pll/inst/plle2_adv_inst/CLKOUT1
                         net (fo=1, routed)           1.755    -3.919    pll_clk.u_clk_pll/inst/sys_clk_clk_pll
    BUFGCTRL_X0Y16       BUFG (Prop_bufg_I_O)         0.091    -3.828 r  pll_clk.u_clk_pll/inst/clkout2_buf/O
                         net (fo=15174, routed)       1.792    -2.036    u_axi_uart_controller/uart0/regs/transmitter/sys_clk
    SLICE_X146Y69        FDRE                                         r  u_axi_uart_controller/uart0/regs/transmitter/error_time_reg[2]/C





Min Delay Paths
--------------------------------------------------------------------------------------
Slack:                    inf
  Source:                 touch_btn[3]
                            (input port)
  Destination:            u_confreg/confreg_int_raw_d_reg[3]/D
                            (rising edge-triggered cell FDRE clocked by sys_clk  {rise@0.000ns fall@10.000ns period=20.000ns})
  Path Group:             (none)
  Path Type:              Hold (Min at Fast Process Corner)
  Data Path Delay:        1.587ns  (logic 0.280ns (17.658%)  route 1.307ns (82.342%))
  Logic Levels:           1  (IBUF=1)
  Clock Path Skew:        -0.381ns (DCD - SCD - CPR)
    Destination Clock Delay (DCD):    -0.381ns
    Source Clock Delay      (SCD):    0.000ns
    Clock Pessimism Removal (CPR):    -0.000ns

    Location             Delay type                Incr(ns)  Path(ns)    Netlist Resource(s)
  -------------------------------------------------------------------    -------------------
    U2                                                0.000     0.000 r  touch_btn[3] (IN)
                         net (fo=0)                   0.000     0.000    touch_btn[3]
    U2                   IBUF (Prop_ibuf_I_O)         0.280     0.280 r  touch_btn_IBUF[3]_inst/O
                         net (fo=3, routed)           1.307     1.587    u_confreg/confreg_int_raw_d_reg[3]_0[3]
    SLICE_X137Y79        FDRE                                         r  u_confreg/confreg_int_raw_d_reg[3]/D
  -------------------------------------------------------------------    -------------------

                         (clock sys_clk rise edge)    0.000     0.000 r  
    K21                                               0.000     0.000 r  clk (IN)
                         net (fo=0)                   0.000     0.000    pll_clk.u_clk_pll/inst/clk_in1
    K21                  IBUF (Prop_ibuf_I_O)         0.419     0.419 r  pll_clk.u_clk_pll/inst/clkin1_ibufg/O
                         net (fo=1, routed)           0.481     0.900    pll_clk.u_clk_pll/inst/clk_in1_clk_pll
    PLLE2_ADV_X0Y3       PLLE2_ADV (Prop_plle2_adv_CLKIN1_CLKOUT1)
                                                     -2.847    -1.947 r  pll_clk.u_clk_pll/inst/plle2_adv_inst/CLKOUT1
                         net (fo=1, routed)           0.611    -1.337    pll_clk.u_clk_pll/inst/sys_clk_clk_pll
    BUFGCTRL_X0Y16       BUFG (Prop_bufg_I_O)         0.029    -1.308 r  pll_clk.u_clk_pll/inst/clkout2_buf/O
                         net (fo=15174, routed)       0.927    -0.381    u_confreg/sys_clk
    SLICE_X137Y79        FDRE                                         r  u_confreg/confreg_int_raw_d_reg[3]/C





